-- Core application schema + initial seed data from legacy mock DB
-- Safe to run multiple times (idempotent inserts/updates).

CREATE TABLE IF NOT EXISTS locations (
  id VARCHAR(64) PRIMARY KEY,
  slug VARCHAR(255) NOT NULL UNIQUE,
  name_en VARCHAR(255) NOT NULL,
  name_fr VARCHAR(255) NOT NULL,
  system VARCHAR(64) NOT NULL,
  planet VARCHAR(128) NULL,
  moon VARCHAR(128) NULL,
  type VARCHAR(64) NOT NULL,
  difficulty VARCHAR(64) NULL,
  short_description_en TEXT NULL,
  short_description_fr TEXT NULL,
  description_en TEXT NULL,
  description_fr TEXT NULL,
  how_to_access_en TEXT NULL,
  how_to_access_fr TEXT NULL,
  mission_types_en TEXT NULL,
  mission_types_fr TEXT NULL,
  loot_types_en TEXT NULL,
  loot_types_fr TEXT NULL,
  requirements TEXT NULL,
  rewards TEXT NULL,
  coordinates VARCHAR(255) NULL,
  crate_types LONGTEXT NULL,
  related_missions LONGTEXT NULL,
  image_url VARCHAR(1024) NULL,
  cheatsheet_image_url VARCHAR(1024) NULL,
  created_at TIMESTAMP NOT NULL DEFAULT CURRENT_TIMESTAMP,
  updated_at TIMESTAMP NOT NULL DEFAULT CURRENT_TIMESTAMP ON UPDATE CURRENT_TIMESTAMP
);

CREATE TABLE IF NOT EXISTS rewards (
  id VARCHAR(64) PRIMARY KEY,
  name_en VARCHAR(255) NOT NULL,
  name_fr VARCHAR(255) NOT NULL,
  type_en VARCHAR(255) NULL,
  type_fr VARCHAR(255) NULL,
  category VARCHAR(128) NOT NULL,
  rarity VARCHAR(64) NOT NULL,
  version VARCHAR(64) NULL,
  favor_cost INT NULL,
  description_en TEXT NULL,
  description_fr TEXT NULL,
  image_url VARCHAR(1024) NULL,
  image_credit VARCHAR(255) NULL,
  mission_name_en VARCHAR(255) NULL,
  mission_name_fr VARCHAR(255) NULL,
  has_loadout TINYINT(1) NOT NULL DEFAULT 0,
  gives INT NOT NULL DEFAULT 1,
  not_released TINYINT(1) NOT NULL DEFAULT 0,
  components LONGTEXT NULL,
  created_at TIMESTAMP NOT NULL DEFAULT CURRENT_TIMESTAMP,
  updated_at TIMESTAMP NOT NULL DEFAULT CURRENT_TIMESTAMP ON UPDATE CURRENT_TIMESTAMP,
  INDEX idx_rewards_name_en (name_en),
  INDEX idx_rewards_category (category)
);

CREATE TABLE IF NOT EXISTS ingredients (
  id VARCHAR(64) PRIMARY KEY,
  name_en VARCHAR(255) NOT NULL,
  name_fr VARCHAR(255) NOT NULL,
  category VARCHAR(128) NOT NULL,
  rarity VARCHAR(64) NOT NULL,
  image_url VARCHAR(1024) NULL,
  image_credit VARCHAR(255) NULL,
  description_en TEXT NULL,
  description_fr TEXT NULL,
  how_to_obtain_en TEXT NULL,
  how_to_obtain_fr TEXT NULL,
  locations_en LONGTEXT NULL,
  locations_fr LONGTEXT NULL,
  location_id VARCHAR(64) NULL,
  created_at TIMESTAMP NOT NULL DEFAULT CURRENT_TIMESTAMP,
  updated_at TIMESTAMP NOT NULL DEFAULT CURRENT_TIMESTAMP ON UPDATE CURRENT_TIMESTAMP,
  INDEX idx_ingredients_name_en (name_en),
  INDEX idx_ingredients_location_id (location_id)
);

CREATE TABLE IF NOT EXISTS reward_ingredients (
  id VARCHAR(64) PRIMARY KEY,
  reward_id VARCHAR(64) NOT NULL,
  ingredient_id VARCHAR(64) NOT NULL,
  quantity INT NOT NULL,
  unit VARCHAR(32) NULL,
  created_at TIMESTAMP NOT NULL DEFAULT CURRENT_TIMESTAMP,
  UNIQUE KEY uniq_reward_ingredient (reward_id, ingredient_id),
  INDEX idx_reward_ingredients_reward_id (reward_id),
  INDEX idx_reward_ingredients_ingredient_id (ingredient_id)
);

CREATE TABLE IF NOT EXISTS reputation_requirements (
  id VARCHAR(64) PRIMARY KEY,
  reward_id VARCHAR(64) NOT NULL,
  reputation_name_en VARCHAR(255) NULL,
  reputation_name_fr VARCHAR(255) NULL,
  required_level INT NULL,
  created_at TIMESTAMP NOT NULL DEFAULT CURRENT_TIMESTAMP,
  INDEX idx_reputation_requirements_reward_id (reward_id)
);

CREATE TABLE IF NOT EXISTS suggestions (
  id VARCHAR(64) PRIMARY KEY,
  item_type VARCHAR(64) NOT NULL,
  item_id VARCHAR(128) NULL,
  item_name VARCHAR(255) NULL,
  suggestion_type VARCHAR(64) NOT NULL,
  content TEXT NOT NULL,
  user_email VARCHAR(255) NULL,
  user_id VARCHAR(64) NULL,
  created_at TIMESTAMP NOT NULL DEFAULT CURRENT_TIMESTAMP
);

CREATE TABLE IF NOT EXISTS organizations (
  id VARCHAR(64) PRIMARY KEY,
  name VARCHAR(255) NOT NULL,
  slug VARCHAR(255) NOT NULL UNIQUE,
  description TEXT NULL,
  image_url VARCHAR(1024) NULL,
  owner_id CHAR(36) NOT NULL,
  is_public TINYINT(1) NOT NULL DEFAULT 1,
  created_at TIMESTAMP NOT NULL DEFAULT CURRENT_TIMESTAMP
);

CREATE TABLE IF NOT EXISTS organization_members (
  id VARCHAR(64) PRIMARY KEY,
  organization_id VARCHAR(64) NOT NULL,
  user_id CHAR(36) NOT NULL,
  role VARCHAR(32) NOT NULL,
  joined_at TIMESTAMP NOT NULL DEFAULT CURRENT_TIMESTAMP,
  UNIQUE KEY uniq_org_user (organization_id, user_id),
  INDEX idx_organization_members_org (organization_id),
  INDEX idx_organization_members_user (user_id)
);

CREATE TABLE IF NOT EXISTS organization_join_requests (
  id VARCHAR(64) PRIMARY KEY,
  organization_id VARCHAR(64) NOT NULL,
  user_id CHAR(36) NOT NULL,
  status VARCHAR(32) NOT NULL DEFAULT 'pending',
  message TEXT NULL,
  created_at TIMESTAMP NOT NULL DEFAULT CURRENT_TIMESTAMP,
  updated_at TIMESTAMP NOT NULL DEFAULT CURRENT_TIMESTAMP ON UPDATE CURRENT_TIMESTAMP,
  INDEX idx_join_requests_org (organization_id),
  INDEX idx_join_requests_user (user_id)
);

CREATE TABLE IF NOT EXISTS user_inventory (
  id VARCHAR(64) PRIMARY KEY,
  user_id CHAR(36) NOT NULL,
  ingredient_id VARCHAR(64) NOT NULL,
  quantity INT NOT NULL DEFAULT 0,
  updated_at TIMESTAMP NOT NULL DEFAULT CURRENT_TIMESTAMP ON UPDATE CURRENT_TIMESTAMP,
  UNIQUE KEY uniq_user_inventory (user_id, ingredient_id)
);

CREATE TABLE IF NOT EXISTS user_reward_ingredients (
  id VARCHAR(64) PRIMARY KEY,
  user_id CHAR(36) NOT NULL,
  reward_id VARCHAR(64) NOT NULL,
  ingredient_id VARCHAR(64) NOT NULL,
  quantity INT NOT NULL DEFAULT 0,
  updated_at TIMESTAMP NOT NULL DEFAULT CURRENT_TIMESTAMP ON UPDATE CURRENT_TIMESTAMP,
  UNIQUE KEY uniq_user_reward_ingredient (user_id, reward_id, ingredient_id)
);

CREATE TABLE IF NOT EXISTS user_reward_completions (
  id VARCHAR(64) PRIMARY KEY,
  user_id CHAR(36) NOT NULL,
  reward_id VARCHAR(64) NOT NULL,
  completion_count INT NOT NULL DEFAULT 0,
  updated_at TIMESTAMP NOT NULL DEFAULT CURRENT_TIMESTAMP ON UPDATE CURRENT_TIMESTAMP,
  UNIQUE KEY uniq_user_reward_completion (user_id, reward_id)
);

CREATE TABLE IF NOT EXISTS user_favorite_rewards (
  id VARCHAR(64) PRIMARY KEY,
  user_id CHAR(36) NOT NULL,
  reward_id VARCHAR(64) NOT NULL,
  created_at TIMESTAMP NOT NULL DEFAULT CURRENT_TIMESTAMP,
  UNIQUE KEY uniq_user_favorite_reward (user_id, reward_id)
);

CREATE TABLE IF NOT EXISTS user_favorite_ingredients (
  id VARCHAR(64) PRIMARY KEY,
  user_id CHAR(36) NOT NULL,
  ingredient_id VARCHAR(64) NOT NULL,
  created_at TIMESTAMP NOT NULL DEFAULT CURRENT_TIMESTAMP,
  UNIQUE KEY uniq_user_favorite_ingredient (user_id, ingredient_id)
);

-- Seed data copied from the historical mock DB baseline used in local mode.
INSERT INTO locations (id, slug, name_en, name_fr, system, type, difficulty, description_en, description_fr, image_url)
VALUES
  ('loc_pyro_station', 'pyro-gateway-station', 'Pyro Gateway Station', 'Station Passerelle Pyro', 'pyro', 'station', 'medium', 'A contested station often used as a trading waypoint.', 'Une station contestée souvent utilisée comme point de commerce.', '/images/locations/pyro-gateway-station.jpg'),
  ('loc_bloom_outpost', 'bloom-mining-outpost', 'Bloom Mining Outpost', 'Avant-poste Minier Bloom', 'pyro', 'outpost', 'hard', 'Remote outpost with dense hostiles and high-value loot.', 'Avant-poste reculé avec de nombreux hostiles et du butin de valeur.', '/images/locations/bloom-mining-outpost.jpg')
ON DUPLICATE KEY UPDATE
  slug = VALUES(slug),
  name_en = VALUES(name_en),
  name_fr = VALUES(name_fr),
  system = VALUES(system),
  type = VALUES(type),
  difficulty = VALUES(difficulty),
  description_en = VALUES(description_en),
  description_fr = VALUES(description_fr),
  image_url = VALUES(image_url);

INSERT INTO rewards (id, name_en, name_fr, type_en, type_fr, category, rarity, version, favor_cost, description_en, description_fr, image_url, has_loadout, gives, not_released)
VALUES
  ('reward_karna', 'Karna Plasma Rifle', 'Fusil Plasma Karna', 'Weapon', 'Arme', 'weapons', 'epic', '4.0', 120, 'Reliable plasma rifle for medium range combat.', 'Fusil plasma fiable pour le combat à moyenne portée.', '/images/wikelo/karna.webp', 0, 1, 0),
  ('reward_polaris', 'Polaris', 'Polaris', 'Ship', 'Vaisseau', 'ships', 'legendary', '4.0', 500, 'Capital patrol corvette reward.', 'Récompense de corvette de patrouille capitale.', '/images/wikelo/polaris.jpeg', 1, 1, 0)
ON DUPLICATE KEY UPDATE
  name_en = VALUES(name_en),
  name_fr = VALUES(name_fr),
  type_en = VALUES(type_en),
  type_fr = VALUES(type_fr),
  category = VALUES(category),
  rarity = VALUES(rarity),
  version = VALUES(version),
  favor_cost = VALUES(favor_cost),
  description_en = VALUES(description_en),
  description_fr = VALUES(description_fr),
  image_url = VALUES(image_url),
  has_loadout = VALUES(has_loadout),
  gives = VALUES(gives),
  not_released = VALUES(not_released);

INSERT INTO ingredients (id, name_en, name_fr, category, rarity, image_url, description_en, description_fr, how_to_obtain_en, how_to_obtain_fr, location_id)
VALUES
  ('ing_jaclium', 'Jaclium', 'Jaclium', 'mineral', 'rare', '/images/wikelo/jaclium.webp', 'A volatile mineral used in advanced crafting.', 'Un minerai volatil utilisé dans l’artisanat avancé.', 'Mine in Pyro asteroid fields.', 'Miner dans les champs d’astéroïdes de Pyro.', 'loc_pyro_station'),
  ('ing_valakkar_fang', 'Irradiated Valakkar Fang', 'Croc de Valakkar Irradié', 'creature', 'epic', '/images/wikelo/irradiated_valakkar_fang_adult.png', 'Rare trophy from dangerous fauna.', 'Trophée rare provenant d’une faune dangereuse.', 'Loot from irradiated Valakkar encounters.', 'Butin d’affrontements avec des Valakkars irradiés.', 'loc_bloom_outpost')
ON DUPLICATE KEY UPDATE
  name_en = VALUES(name_en),
  name_fr = VALUES(name_fr),
  category = VALUES(category),
  rarity = VALUES(rarity),
  image_url = VALUES(image_url),
  description_en = VALUES(description_en),
  description_fr = VALUES(description_fr),
  how_to_obtain_en = VALUES(how_to_obtain_en),
  how_to_obtain_fr = VALUES(how_to_obtain_fr),
  location_id = VALUES(location_id);

INSERT INTO reward_ingredients (id, reward_id, ingredient_id, quantity, unit)
VALUES
  ('ri_1', 'reward_karna', 'ing_jaclium', 4, 'x'),
  ('ri_2', 'reward_polaris', 'ing_jaclium', 20, 'x'),
  ('ri_3', 'reward_polaris', 'ing_valakkar_fang', 5, 'x')
ON DUPLICATE KEY UPDATE
  reward_id = VALUES(reward_id),
  ingredient_id = VALUES(ingredient_id),
  quantity = VALUES(quantity),
  unit = VALUES(unit);

INSERT INTO reputation_requirements (id, reward_id, reputation_name_en, reputation_name_fr, required_level)
VALUES
  ('rep_req_1', 'reward_polaris', 'Council Standing', 'Réputation du Conseil', 3)
ON DUPLICATE KEY UPDATE
  reward_id = VALUES(reward_id),
  reputation_name_en = VALUES(reputation_name_en),
  reputation_name_fr = VALUES(reputation_name_fr),
  required_level = VALUES(required_level);

INSERT INTO suggestions (id, item_type, item_id, item_name, suggestion_type, content, user_email, user_id)
VALUES
  ('sug_1', 'ingredient', 'ing_jaclium', 'Jaclium', 'location_update', 'Spawns more frequently around Pyro Gate in 4.0.1.', 'tester@example.com', NULL)
ON DUPLICATE KEY UPDATE
  item_type = VALUES(item_type),
  item_id = VALUES(item_id),
  item_name = VALUES(item_name),
  suggestion_type = VALUES(suggestion_type),
  content = VALUES(content),
  user_email = VALUES(user_email),
  user_id = VALUES(user_id);

INSERT INTO organizations (id, name, slug, description, image_url, owner_id, is_public)
VALUES
  ('org_stanton_scouts', 'Stanton Scouts', 'stanton-scouts', 'Casual org for exploration and community missions.', NULL, 'local-user-1', 1)
ON DUPLICATE KEY UPDATE
  name = VALUES(name),
  slug = VALUES(slug),
  description = VALUES(description),
  image_url = VALUES(image_url),
  owner_id = VALUES(owner_id),
  is_public = VALUES(is_public);

INSERT INTO organization_members (id, organization_id, user_id, role)
VALUES
  ('org_mem_1', 'org_stanton_scouts', 'local-user-1', 'owner')
ON DUPLICATE KEY UPDATE
  organization_id = VALUES(organization_id),
  user_id = VALUES(user_id),
  role = VALUES(role);

-- Datamined Wikelo 4.6 seed (full import from wikelo_data.json)
-- Datamined Wikelo 4.6 seed generated by scripts/import_wikelo_datamine.py
INSERT INTO rewards (id,name_en,name_fr,type_en,type_fr,category,rarity,version,favor_cost,description_en,description_fr,image_url,image_credit,mission_name_en,mission_name_fr,has_loadout,gives,not_released) VALUES
  ('reward_dm_item_001','Ana Arms Endro; Ana Legs Endro; Ana Core Endro; Ana Helmet Endro','Ana Arms Endro; Ana Legs Endro; Ana Core Endro; Ana Helmet Endro','Armor','Armor','utilities','epic','4.6',NULL,'Hello, know many humans want saldynium for regen problem. Credits good, yes, but Wikelo can use that, kopion horn, and other things to make special armor. Once done, you be very tough. Very scary. You see items needed. Bring to and I make for you. Bye.','Hello, know many humans want saldynium for regen problem. Credits good, yes, but Wikelo can use that, kopion horn, and other things to make special armor. Once done, you be very tough. Very scary. You see items needed. Bring to and I make for you. Bye.','/images/armour_endro.jpg',NULL,'Armor with horn and string','Armor with horn and string',0,1,0),
  ('reward_dm_item_002','Parallax','Parallax','Weapon','Weapon','weapons','epic','4.6',NULL,'Hello. Can make fun change to gun if you want. Use kopion skin for pattern and little skull dangle. Very effective. Shoot much better. All you need is bring me parts to and will make. Bye.','Hello. Can make fun change to gun if you want. Use kopion skin for pattern and little skull dangle. Very effective. Shoot much better. All you need is bring me parts to and will make. Bye.','/images/gun_kopion_military.jpg',NULL,'Fun Kopion Skull Gun','Fun Kopion Skull Gun',0,1,0),
  ('reward_dm_item_003','Parallax','Parallax','Weapon','Weapon','weapons','uncommon','4.6',NULL,'Hello. Can make fun change to gun if you want. If you no like saying it not baby skull, have other choice. Use kopion skin for pattern but use tooth instead dangle. Still effective and shoot better. Bring parts to and will make. Bye.','Hello. Can make fun change to gun if you want. If you no like saying it not baby skull, have other choice. Use kopion skin for pattern but use tooth instead dangle. Still effective and shoot better. Bring parts to and will make. Bye.','/images/gun_kopion_fun.jpg',NULL,'Fun Kopion Tooth Gun','Fun Kopion Tooth Gun',0,1,0),
  ('reward_dm_item_004','Parallax','Parallax','Weapon','Weapon','weapons','epic','4.6',NULL,'Hello. Can do version of gun if you kopion soldier. Make material like soldier camouflage but with dead skull on front. Gun shoot better too. If want, bring part to and will make.','Hello. Can do version of gun if you kopion soldier. Make material like soldier camouflage but with dead skull on front. Gun shoot better too. If want, bring part to and will make.','/images/gun_kopion_military.jpg',NULL,'Fun Military Skull Gun','Fun Military Skull Gun',0,1,0),
  ('reward_dm_item_005','Parallax','Parallax','Weapon','Weapon','weapons','uncommon','4.6',NULL,'Wikelo here with another way to play with type of gun. Make look like more of your soldier gun, but with kopion tooth dangle. Very nasty indeed. If want, bring part to and will make. Bye.','Wikelo here with another way to play with type of gun. Make look like more of your soldier gun, but with kopion tooth dangle. Very nasty indeed. If want, bring part to and will make. Bye.','/images/gun_military_fun.jpg',NULL,'Fun Military Tooth Gun','Fun Military Tooth Gun',0,1,0),
  ('reward_dm_item_006','DCP Armor Helmet Jungle Camo; DCP Armor Core Jungle Camo; DCP Armor Arms Jungle Camo; DCP Armor Legs Jungle Camo','DCP Armor Helmet Jungle Camo; DCP Armor Core Jungle Camo; DCP Armor Arms Jungle Camo; DCP Armor Legs Jungle Camo','Armor','Armor','utilities','uncommon','4.6',NULL,'Hello. You walk in woods but not want people to know? Wikelo have armor for you. If you bring to , you can get. Interest?','Hello. You walk in woods but not want people to know? Wikelo have armor for you. If you bring to , you can get. Interest?','/images/armour_woodland.jpg',NULL,'Want armor look like tree?','Want armor look like tree?',0,1,0),
  ('reward_dm_item_007','DCP Armor Helmet Hunter Camo; DCP Armor Core Hunter Camo; DCP Armor Arms Hunter Camo; DCP Armor Legs Hunter Camo','DCP Armor Helmet Hunter Camo; DCP Armor Core Hunter Camo; DCP Armor Arms Hunter Camo; DCP Armor Legs Hunter Camo','Armor','Armor','utilities','uncommon','4.6',NULL,'You in hot desert doing things. Need to be sneaky. Don''t want seen. Understand. Wikelo give you armor that make you sneaky in sand. Bring things to and I will make. Easy. Bye.','You in hot desert doing things. Need to be sneaky. Don''t want seen. Understand. Wikelo give you armor that make you sneaky in sand. Bring things to and I will make. Easy. Bye.','/images/armour_sandy.jpg',NULL,'Look at desert but don''t see you','Look at desert but don''t see you',0,1,0),
  ('reward_dm_item_008','DCP Armor Helmet Cobalt Camo; DCP Armor Core Cobalt Camo; DCP Armor Arms Cobalt Camo; DCP Armor Legs Cobalt Camo','DCP Armor Helmet Cobalt Camo; DCP Armor Core Cobalt Camo; DCP Armor Arms Cobalt Camo; DCP Armor Legs Cobalt Camo','Armor','Armor','utilities','uncommon','4.6',NULL,'Know you humans like your navy. Wikelo understand. Very big ships. Powerful too. Wikelo can give armor set that look like navy color. Very easy to make. See what Wikelo need, get and bring to and it will be yours. Wikelo','Know you humans like your navy. Wikelo understand. Very big ships. Powerful too. Wikelo can give armor set that look like navy color. Very easy to make. See what Wikelo need, get and bring to and it will be yours. Wikelo','/images/armour_navy.jpg',NULL,'Make space navy armor','Make space navy armor',0,1,0),
  ('reward_dm_item_009','Quartz','Quartz','Weapon','Weapon','weapons','uncommon','4.6',NULL,'Wikelo hearing about new energy weapon by VOLT souli. If you want, Wikelo can make gun look better. It found in storm, it shoot storm, but Wikelo make it better for people who like human navy. Bring things to and Wikelo will do. Bye.','Wikelo hearing about new energy weapon by VOLT souli. If you want, Wikelo can make gun look better. It found in storm, it shoot storm, but Wikelo make it better for people who like human navy. Bring things to and Wikelo will do. Bye.','/images/gun_zappy_navy.jpg',NULL,'Volt gun more Navy-like','Volt gun more Navy-like',0,1,0),
  ('reward_dm_item_010','Quartz','Quartz','Weapon','Weapon','weapons','uncommon','4.6',NULL,'Wikelo hearing about new type of energy weapon by VOLT souli. Hit very hard. If you want, Wikelo can make gun look even better. It found in storm, it shoot storm, but Wikelo make it look woodier. Drop in forest? It gone. Bring things to and Wikelo will do. Bye.','Wikelo hearing about new type of energy weapon by VOLT souli. Hit very hard. If you want, Wikelo can make gun look even better. It found in storm, it shoot storm, but Wikelo make it look woodier. Drop in forest? It gone. Bring things to and Wikelo will do. Bye.','/images/gun_zappy_woodland.jpg',NULL,'Zappy gun more woodlike','Zappy gun more woodlike',0,1,0),
  ('reward_dm_item_011','Quartz','Quartz','Weapon','Weapon','weapons','uncommon','4.6',NULL,'Wikelo can make new VOLT gun look like sand mound. Very sneaky in desert. Bring things to and Wikelo will do. Bye.','Wikelo can make new VOLT gun look like sand mound. Very sneaky in desert. Bring things to and Wikelo will do. Bye.','/images/gun_zappy_sandy.jpg',NULL,'Make gun sandy','Make gun sandy',0,1,0),
  ('reward_dm_item_012','Bokto Core; Bokto Arms; Bokto Legs; Bokto Helmet','Bokto Core; Bokto Arms; Bokto Legs; Bokto Helmet','Armor','Armor','utilities','epic','4.6',NULL,'Wikelo had exciting idea during brief work rest. Was thinking about the little glow worms in Pyro and saw armor get changed to look like. If you get me parts, bring to and will make for you then you can glow too. Bye.','Wikelo had exciting idea during brief work rest. Was thinking about the little glow worms in Pyro and saw armor get changed to look like. If you get me parts, bring to and will make for you then you can glow too. Bye.','/images/armour_endro_glow.jpg',NULL,'Make glowy armor','Make glowy armor',0,1,0),
  ('reward_dm_item_013','Prism','Prism','Weapon','Weapon','weapons','epic','4.6',NULL,'You feel like gun not angry enough? VOLT shotgun very powerful, very dangerous, but not scary? Bring to me. Can make very scary and angry. They respect you then. Bring to and we make. Bye.','You feel like gun not angry enough? VOLT shotgun very powerful, very dangerous, but not scary? Bring to me. Can make very scary and angry. They respect you then. Bring to and we make. Bye.','/images/gun_volt_shot.jpg',NULL,'Make VOLT shotgun angrier','Make VOLT shotgun angrier',0,1,0),
  ('reward_dm_item_014','Novikov','Novikov','Armor','Armor','utilities','rare','4.6',NULL,'Maybe you like walking on planet that very hot. Or very cold. Or many rocks. Wikelo can make suit called Novikov from Human souli Caldera work better for you. Bring things if you want, then I make. Bye.','Maybe you like walking on planet that very hot. Or very cold. Or many rocks. Wikelo can make suit called Novikov from Human souli Caldera work better for you. Bring things if you want, then I make. Bye.','/images/armour_novikov.jpg',NULL,'Walk in danger. Look good.','Walk in danger. Look good.',0,1,0),
  ('reward_dm_item_015','Xanthule Ascension Suit; Xanthule Ascension Helmet','Xanthule Ascension Suit; Xanthule Ascension Helmet','Armor','Armor','utilities','rare','4.6',NULL,'Wikelo like Syang souli very much. Make very line-y flight suits that very useful. Can even make suits a little prettier if you want. Bring things, I do.','Wikelo like Syang souli very much. Make very line-y flight suits that very useful. Can even make suits a little prettier if you want. Bring things, I do.','/images/armour_alien.jpg',NULL,'Xi''an Xanthule Suit made better','Xi''an Xanthule Suit made better',0,1,0),
  ('reward_dm_item_016','Venture Core Ascension; Venture Arms Ascension; Venture Legs Ascension; Venture Helmet Ascension','Venture Core Ascension; Venture Arms Ascension; Venture Legs Ascension; Venture Helmet Ascension','Armor','Armor','utilities','rare','4.6',NULL,'You like adventure, right? This armor good for it. Let you go dangerous places, but not too heavy. Stay light. Wikelo found these and will trade if you want. You win, Wikelo win. Bye.','You like adventure, right? This armor good for it. Let you go dangerous places, but not too heavy. Stay light. Wikelo found these and will trade if you want. You win, Wikelo win. Bye.','/images/armour_adventure.jpg',NULL,'Adventure a A-Venture','Adventure a A-Venture',0,1,0),
  ('reward_dm_item_017','Karna','Karna','Weapon','Weapon','weapons','rare','4.6',NULL,'Wikelo friend had to trade ship they found for credits. Wikelo surprised to find many crate of Karna guns inside. Friend must not have wanted. Anyway, Wikelo figure out how to make prettier. If you want, bring stuff. Bye.','Wikelo friend had to trade ship they found for credits. Wikelo surprised to find many crate of Karna guns inside. Friend must not have wanted. Anyway, Wikelo figure out how to make prettier. If you want, bring stuff. Bye.','/images/gun_karna.jpg',NULL,'Prettify Karna Gun','Prettify Karna Gun',0,1,0),
  ('reward_dm_item_018','S71','S71','Weapon','Weapon','weapons','rare','4.6',NULL,'Universe is dangerous in human space. Good to have a good weapon to handle bad situation. Wikelo don''t have many weapon, but can make useful ones more useful. If you want, bring stuff and I will do.','Universe is dangerous in human space. Good to have a good weapon to handle bad situation. Wikelo don''t have many weapon, but can make useful ones more useful. If you want, bring stuff and I will do.','/images/gun_s71.jpg',NULL,'Built on S71 rifle','Built on S71 rifle',0,1,0),
  ('reward_dm_item_019','Coda','Coda','Weapon','Weapon','weapons','rare','4.6',NULL,'Wikelo found crate of Coda pistols. Very strange reason, but will tell later if you want to hear. Anyway, after study have figured out nice way to make gun look better. Have a look, see if interested. Bye.','Wikelo found crate of Coda pistols. Very strange reason, but will tell later if you want to hear. Anyway, after study have figured out nice way to make gun look better. Have a look, see if interested. Bye.','/images/gun_coda.jpg',NULL,'Fix up Coda gun','Fix up Coda gun',0,1,0),
  ('reward_dm_item_020','Zenith','Zenith','Weapon','Weapon','weapons','epic','4.6',NULL,'Want to shoot long away and stay hiding. But it snowing? Wikelo have gun for you. Bring things. I give. Bye.','Want to shoot long away and stay hiding. But it snowing? Wikelo have gun for you. Bring things. I give. Bye.','/images/gun_volt_snipe.jpg',NULL,'Snow Snipe','Snow Snipe',0,1,0),
  ('reward_dm_item_021','Geist Armor Arms Snow Camo; Geist Armor Core Snow Camo; Geist Armor Helmet Snow Camo; Geist Armor Legs Snow Camo; Geist Backpack Snow Camo','Geist Armor Arms Snow Camo; Geist Armor Core Snow Camo; Geist Armor Helmet Snow Camo; Geist Armor Legs Snow Camo; Geist Backpack Snow Camo','Armor','Armor','utilities','epic','4.6',NULL,'You want be hidden. Wikelo understand. Not ask questions why. But what do when you in snow? Wikelo have suit for that. Welcome.','You want be hidden. Wikelo understand. Not ask questions why. But what do when you in snow? Wikelo have suit for that. Welcome.','/images/armour_geist.jpg',NULL,'Hide Snow Suit','Hide Snow Suit',0,1,0),
  ('reward_dm_item_022','Fresnel','Fresnel','Weapon','Weapon','weapons','uncommon','4.6',NULL,'You need useful weapon. Yes, yes, understand. Wikelo make useful weapon more beautiful too. You see things I need. You bring? I do. Bye.','You need useful weapon. Yes, yes, understand. Wikelo make useful weapon more beautiful too. You see things I need. You bring? I do. Bye.','/images/gun_heavy_volt.jpg',NULL,'Heavy VOLT Zapper','Heavy VOLT Zapper',0,1,0),
  ('reward_dm_item_023','Strata Core Heatwave; Strata Arms Heatwave; Strata Legs Heatwave; Strata Helmet Heatwave; Strata Backpack Heatwave','Strata Core Heatwave; Strata Arms Heatwave; Strata Legs Heatwave; Strata Helmet Heatwave; Strata Backpack Heatwave','Armor','Armor','utilities','epic','4.6',NULL,'If you have armor, Wikelo can make it look warm. Good look for useful armor. Bring me things and will do.','If you have armor, Wikelo can make it look warm. Good look for useful armor. Bring me things and will do.','/images/armour_lava.jpg',NULL,'Do Lava Suit','Do Lava Suit',0,1,0),
  ('reward_dm_item_024','Corbel Helmet Crush; Corbel Core Crush; Corbel Arms Crush; Corbel Legs Crush; Novikov Backpack Crush','Corbel Helmet Crush; Corbel Core Crush; Corbel Arms Crush; Corbel Legs Crush; Novikov Backpack Crush','Armor','Armor','utilities','epic','4.6',NULL,'You need utility suit. Good for work. If you like, Wikelo can make shinier. Look real good. See what Wikelo need and bring.','You need utility suit. Good for work. If you like, Wikelo can make shinier. Look real good. See what Wikelo need and bring.','/images/armour_shiny.jpg',NULL,'Shiny Builder Suit','Shiny Builder Suit',0,1,0),
  ('reward_dm_item_025','XDL','XDL','Armor','Armor','utilities','uncommon','4.6',NULL,'Wikelo has best eyes for seeing far away. I give to you if you give me','Wikelo has best eyes for seeing far away. I give to you if you give me','/images/gear_mono.jpg',NULL,'Want Better Eyes?','Want Better Eyes?',0,1,0),
  ('reward_dm_item_026','Fresnel','Fresnel','Weapon','Weapon','weapons','epic','4.6',NULL,'This gun has picture of amazing creature on side. Use it and it make you big and strong like Yormandi. Spit lightning. Bring my items and then you get it. Bye.','This gun has picture of amazing creature on side. Use it and it make you big and strong like Yormandi. Spit lightning. Bring my items and then you get it. Bye.','/images/gun_yormandi.jpg',NULL,'Yormandi Gun','Yormandi Gun',0,1,0),
  ('reward_dm_item_027','F55','F55','Weapon','Weapon','weapons','uncommon','4.6',NULL,'Sometimes you shoot people, but if you are last thing they see before dead gun should look amazing, right? Wikelo will make your gun look much better. Bring me items I need and then I give you the gun. Bye.','Sometimes you shoot people, but if you are last thing they see before dead gun should look amazing, right? Wikelo will make your gun look much better. Bring me items I need and then I give you the gun. Bye.','/images/gun_f55.jpg',NULL,'F55 Look Better','F55 Look Better',0,1,0),
  ('reward_dm_item_028','Palatino Helmet Mark I; Palatino Arms Mark I; Palatino Legs Mark I; Palatino Core Mark I; Palatino Backpack Mark I','Palatino Helmet Mark I; Palatino Arms Mark I; Palatino Legs Mark I; Palatino Core Mark I; Palatino Backpack Mark I','Armor','Armor','utilities','epic','4.6',NULL,'Bring me armor and other things and I give you special test armor. First version. Very special. Bring and I give. Bye.','Bring me armor and other things and I give you special test armor. First version. Very special. Bring and I give. Bye.','/images/armour_test.jpg',NULL,'Test Armor','Test Armor',0,1,0),
  ('reward_dm_item_029','Testudo Helmet Clanguard; Testudo Arms Clanguard; Testudo Core Clanguard; Testudo Legs Clanguard; Testudo Backpack Clanguard','Testudo Helmet Clanguard; Testudo Arms Clanguard; Testudo Core Clanguard; Testudo Legs Clanguard; Testudo Backpack Clanguard','Armor','Armor','utilities','epic','4.6',NULL,'Vanduul have strange ways. I never talk to them, old souli used to, but not Wikelo. Anyway, though not friendly, they make interesting thing. If you like, Wikelo can make you look more like. Bring things. Will do. Bye.','Vanduul have strange ways. I never talk to them, old souli used to, but not Wikelo. Anyway, though not friendly, they make interesting thing. If you like, Wikelo can make you look more like. Bring things. Will do. Bye.','/images/armour_vanduul.jpg',NULL,'Armor with Vanduul','Armor with Vanduul',0,1,0),
  ('reward_dm_item_030','Boomtube','Boomtube','Armor','Armor','utilities','epic','4.6',NULL,'Wikelo find very strange but functional weapon while wandering through your systems. It very simple but very effective. If you bring me things, I show you what I do to it. Very fun.','Wikelo find very strange but functional weapon while wandering through your systems. It very simple but very effective. If you bring me things, I show you what I do to it. Very fun.','/images/gun_boomtube.jpg',NULL,'Curious Weapon','Curious Weapon',0,1,0),
  ('reward_dm_item_031','Tripledown','Tripledown','Weapon','Weapon','weapons','epic','4.6',NULL,'You need a good weapon, yes? Have one for you. Small but powerful. Like an extra spicy balalu pepper. Wikelo make this pistol look extra spicy too. You bring things I need and I do a trade. Bye.','You need a good weapon, yes? Have one for you. Small but powerful. Like an extra spicy balalu pepper. Wikelo make this pistol look extra spicy too. You bring things I need and I do a trade. Bye.','/images/gun_shot.jpg',NULL,'Hot Shot','Hot Shot',0,1,0),
  ('reward_dm_item_033','Very Hungry','Very Hungry','Gear','Gear','utilities','epic','4.6',NULL,'You humans keep Wikelo very busy. Work more than when I at old souli. But Wikelo very hungry now and can''t get food. Please help. Bring food and drink to Wikelo Emporium at . Very appreciate your help. Will give thing in return. Bye.','You humans keep Wikelo very busy. Work more than when I at old souli. But Wikelo very hungry now and can''t get food. Please help. Bring food and drink to Wikelo Emporium at . Very appreciate your help. Will give thing in return. Bye.',NULL,NULL,'Very Hungry','Very Hungry',0,1,0),
  ('reward_dm_ship_001','MISC Fortune Wikelo Special','MISC Fortune Wikelo Special','Ship','Ship','ships','epic','4.6',NULL,'','',NULL,NULL,'Fortune ship for you','Fortune ship for you',1,1,0),
  ('reward_dm_ship_002','Aopoa Nox Wikelo Special','Aopoa Nox Wikelo Special','Ship','Ship','ships','epic','4.6',NULL,'','',NULL,NULL,'Noxy Mod','Noxy Mod',1,1,0),
  ('reward_dm_ship_003','Crusader Intrepid Wikelo Work Special','Crusader Intrepid Wikelo Work Special','Ship','Ship','ships','epic','4.6',NULL,'','',NULL,NULL,'Upgrade Intrepid','Upgrade Intrepid',1,1,0),
  ('reward_dm_ship_004','Mirai Pulse Wikelo Special','Mirai Pulse Wikelo Special','Ship','Ship','ships','epic','4.6',NULL,'','',NULL,NULL,'Pulse Plus','Pulse Plus',1,1,0),
  ('reward_dm_ship_005','RSI Ursa Medivac Wikelo Special','RSI Ursa Medivac Wikelo Special','Ship','Ship','ships','epic','4.6',NULL,'','',NULL,NULL,'Make a Ursa Mod','Make a Ursa Mod',1,1,0),
  ('reward_dm_ship_006','Mirai Guardian QI Wikelo Special','Mirai Guardian QI Wikelo Special','Ship','Ship','ships','epic','4.6',NULL,'','',NULL,NULL,'Guardian take down ship','Guardian take down ship',1,1,0),
  ('reward_dm_ship_007','Aegis Sabre Firebird Wikelo War Special','Aegis Sabre Firebird Wikelo War Special','Ship','Ship','ships','epic','4.6',NULL,'','',NULL,NULL,'Firebird Mod','Firebird Mod',1,1,0),
  ('reward_dm_ship_008','RSI Scorpius Wikelo Sneak Special','RSI Scorpius Wikelo Sneak Special','Ship','Ship','ships','epic','4.6',NULL,'','',NULL,NULL,'Build a Mod Scorpius','Build a Mod Scorpius',1,1,0),
  ('reward_dm_ship_009','Anvil F7 Hornet Mk Wikelo','Anvil F7 Hornet Mk Wikelo','Ship','Ship','ships','epic','4.6',NULL,'','',NULL,NULL,'Wikelo Navy F7','Wikelo Navy F7',1,1,0),
  ('reward_dm_ship_010','RSI Zeus Mk II ES Wikelo Work Special','RSI Zeus Mk II ES Wikelo Work Special','Ship','Ship','ships','epic','4.6',NULL,'','',NULL,NULL,'Zeus Special','Zeus Special',1,1,0),
  ('reward_dm_ship_011','RSI Zeus Mk II CL','RSI Zeus Mk II CL','Ship','Ship','ships','epic','4.6',NULL,'','',NULL,NULL,'Zeus Cargo Special','Zeus Cargo Special',1,1,0),
  ('reward_dm_ship_012','Aegis Sabre Peregrine Wikelo Speedy Special','Aegis Sabre Peregrine Wikelo Speedy Special','Ship','Ship','ships','epic','4.6',NULL,'','',NULL,NULL,'Peregrine Wikelo Mod','Peregrine Wikelo Mod',1,1,0),
  ('reward_dm_ship_013','Crusader C1 Spirit Wikelo Special','Crusader C1 Spirit Wikelo Special','Ship','Ship','ships','epic','4.6',NULL,'','',NULL,NULL,'Spirit Cargo mod','Spirit Cargo mod',1,1,0),
  ('reward_dm_ship_014','Anvil F8C Lightning Wikelo War Special','Anvil F8C Lightning Wikelo War Special','Ship','Ship','ships','epic','4.6',NULL,'','',NULL,NULL,'F8 War Mod','F8 War Mod',1,1,0),
  ('reward_dm_ship_015','Anvil F8C Lightning Wikelo Sneak Special','Anvil F8C Lightning Wikelo Sneak Special','Ship','Ship','ships','epic','4.6',NULL,'','',NULL,NULL,'Sneaky Stabber','Sneaky Stabber',1,1,0),
  ('reward_dm_ship_016','MISC Starlancer MAX','MISC Starlancer MAX','Ship','Ship','ships','epic','4.6',NULL,'','',NULL,NULL,'More than a Max','More than a Max',1,1,0),
  ('reward_dm_ship_017','RSI Constellation Taurus Wikelo War Special','RSI Constellation Taurus Wikelo War Special','Ship','Ship','ships','epic','4.6',NULL,'','',NULL,NULL,'Want Taurus ship','Want Taurus ship',1,1,0),
  ('reward_dm_ship_018','Argo ATLS IKTI','Argo ATLS IKTI','Vehicle','Vehicle','vehicles','epic','4.6',NULL,'','',NULL,NULL,'Make ATLS shoot','Make ATLS shoot',1,1,0),
  ('reward_dm_ship_019','Argo ATLS GEO IKTI','Argo ATLS GEO IKTI','Vehicle','Vehicle','vehicles','epic','4.6',NULL,'','',NULL,NULL,'Make jumpy ATLS shoot','Make jumpy ATLS shoot',1,1,0),
  ('reward_dm_ship_020','RSI Polaris Wikelo Special','RSI Polaris Wikelo Special','Ship','Ship','ships','epic','4.6',NULL,'','',NULL,NULL,'Now make Polaris. Short Time Deal.','Now make Polaris. Short Time Deal.',1,1,0),
  ('reward_dm_ship_021','ATLS Cool Metal Color','ATLS Cool Metal Color','Vehicle','Vehicle','vehicles','epic','4.6',NULL,'','',NULL,NULL,'ATLS Cool Metal Color','ATLS Cool Metal Color',1,1,0),
  ('reward_dm_ship_022','ATLS Snowland Color','ATLS Snowland Color','Vehicle','Vehicle','vehicles','epic','4.6',NULL,'','',NULL,NULL,'ATLS Snowland Color','ATLS Snowland Color',1,1,0),
  ('reward_dm_ship_023','ATLS Orange Line','ATLS Orange Line','Vehicle','Vehicle','vehicles','epic','4.6',NULL,'','',NULL,NULL,'ATLS Orange Line','ATLS Orange Line',1,1,0),
  ('reward_dm_ship_024','Anvil Terrapin Medic Wikelo Savior Special','Anvil Terrapin Medic Wikelo Savior Special','Ship','Ship','ships','epic','4.6',NULL,'','',NULL,NULL,'What is Terrapin?','What is Terrapin?',1,1,0),
  ('reward_dm_ship_025','Drake Golem Wikelo Work Special','Drake Golem Wikelo Work Special','Ship','Ship','ships','epic','4.6',NULL,'','',NULL,NULL,'Golem Rocks','Golem Rocks',1,1,0),
  ('reward_dm_ship_026','MISC Starlancer TAC','MISC Starlancer TAC','Ship','Ship','ships','epic','4.6',NULL,'','',NULL,NULL,'New Move Big Starlancer Ship','New Move Big Starlancer Ship',1,1,0),
  ('reward_dm_ship_027','Crusader A2 Hercules Starlifter Wikelo War Special','Crusader A2 Hercules Starlifter Wikelo War Special','Ship','Ship','ships','epic','4.6',NULL,'','',NULL,NULL,'Starlifter A2 War Mod','Starlifter A2 War Mod',1,1,0),
  ('reward_dm_ship_028','Crusader Ares Star Fighter Ion Wikelo Sneak Special','Crusader Ares Star Fighter Ion Wikelo Sneak Special','Ship','Ship','ships','epic','4.6',NULL,'','',NULL,NULL,'Sneaky Starfighter Ion','Sneaky Starfighter Ion',1,1,0),
  ('reward_dm_ship_029','Crusader Ares Star Fighter Inferno Wikelo War Special','Crusader Ares Star Fighter Inferno Wikelo War Special','Ship','Ship','ships','epic','4.6',NULL,'','',NULL,NULL,'Starfighter Inferno Special','Starfighter Inferno Special',1,1,0),
  ('reward_dm_ship_030','Esperia Prowler Utility Wikelo Work Special','Esperia Prowler Utility Wikelo Work Special','Ship','Ship','ships','epic','4.6',NULL,'','',NULL,NULL,'Prowler More Utility','Prowler More Utility',1,1,0),
  ('reward_dm_ship_031','Mirai Guardian Wikelo War Special','Mirai Guardian Wikelo War Special','Ship','Ship','ships','epic','4.6',NULL,'','',NULL,NULL,'Guardian Fight Mod','Guardian Fight Mod',1,1,0),
  ('reward_dm_ship_032','Mirai Guardian MX Wikelo War Special','Mirai Guardian MX Wikelo War Special','Ship','Ship','ships','epic','4.6',NULL,'','',NULL,NULL,'Guardian WiK-X','Guardian WiK-X',1,1,0),
  ('reward_dm_ship_033','RSI Meteor Wikelo Sneak Special','RSI Meteor Wikelo Sneak Special','Ship','Ship','ships','epic','4.6',NULL,'','',NULL,NULL,'RSI Meteor Mod','RSI Meteor Mod',1,1,0),
  ('reward_dm_ship_034','MISC Prospector Wikelo Work Special','MISC Prospector Wikelo Work Special','Ship','Ship','ships','epic','4.6',NULL,'','',NULL,NULL,'Prospects Look Good','Prospects Look Good',1,1,0),
  ('reward_dm_ship_035','Argo RAFT Wikelo Work Special','Argo RAFT Wikelo Work Special','Ship','Ship','ships','epic','4.6',NULL,'','',NULL,NULL,'Ready for RAFT?','Ready for RAFT?',1,1,0),
  ('reward_dm_ship_036','Anvil Asgard Wikelo War Special','Anvil Asgard Wikelo War Special','Ship','Ship','ships','epic','4.6',NULL,'','',NULL,NULL,'Asgard Fight Mod','Asgard Fight Mod',1,1,0),
  ('reward_dm_ship_037','Kruger L-21 Wolf Wikelo Sneak Special','Kruger L-21 Wolf Wikelo Sneak Special','Ship','Ship','ships','epic','4.6',NULL,'','',NULL,NULL,'Where Wolf? Here Wolf','Where Wolf? Here Wolf',1,1,0),
  ('reward_dm_ship_038','Kruger L-21 Wolf Wikelo War Special; Antium Helmet Midnight Sun; Antium Core Midnight Sun; Antium Arms Midnight Sun; Antium Legs Midnight Sun; Fresnel "Deepwater" Energy LMG','Kruger L-21 Wolf Wikelo War Special; Antium Helmet Midnight Sun; Antium Core Midnight Sun; Antium Arms Midnight Sun; Antium Legs Midnight Sun; Fresnel "Deepwater" Energy LMG','Ship','Ship','ships','epic','4.6',NULL,'','',NULL,NULL,'Most Special Wolf','Most Special Wolf',1,1,0),
  ('reward_dm_ship_039','Aegis Idris-P Wikelo War Special','Aegis Idris-P Wikelo War Special','Ship','Ship','ships','epic','4.6',NULL,'','',NULL,NULL,'Special Idris For Killing','Special Idris For Killing',1,1,0),
  ('reward_dm_item_032','Wikelo Arrive to System','Wikelo Arrive to System','Intro','Intro','utilities','epic','4.6',NULL,'Hello, I am Wikelo. Recent addition to your system and very excited to be here. Spent many time here in UEE and happy to spent more. Have place where I make things from other things. Need person to bring me useful things to finish project I work on. You have list. Get, please. I am at . Will give you item for your help. Also, when done, if you want to do more. Have many things can make in my humble shop. Come, look at pretty poster and then decide what you want me to make. Bye.','Hello, I am Wikelo. Recent addition to your system and very excited to be here. Spent many time here in UEE and happy to spent more. Have place where I make things from other things. Need person to bring me useful things to finish project I work on. You have list. Get, please. I am at . Will give you item for your help. Also, when done, if you want to do more. Have many things can make in my humble shop. Come, look at pretty poster and then decide what you want me to make. Bye.',NULL,NULL,'Wikelo Arrive to System','Wikelo Arrive to System',0,1,0),
  ('reward_dm_exchange_trade_worm_parts_for_favors','Wikelo Favor','Wikelo Favor','Currency','Currency','utilities','epic','4.6',NULL,'Have new way to get favors from Wikelo. Hear much about worm things in radiation storms. Made up of many interesting parts that Wikelo find use for. If you bring parts to , will trade for favor. Bye.','Have new way to get favors from Wikelo. Hear much about worm things in radiation storms. Made up of many interesting parts that Wikelo find use for. If you bring parts to , will trade for favor. Bye.',NULL,NULL,'Trade Worm Parts for Favors?','Trade Worm Parts for Favors?',0,1,0),
  ('reward_dm_exchange_trade_merc_scrip_for_favors','Wikelo Favor','Wikelo Favor','Currency','Currency','utilities','epic','4.6',NULL,'Wikelo has another way to get favors if you interested. Your Mercenary souli has scrip metal, used like favors, but made of very interesting metal that Wikelo need for new project. If you bring scrips to , will trade for favor. Bye.','Wikelo has another way to get favors if you interested. Your Mercenary souli has scrip metal, used like favors, but made of very interesting metal that Wikelo need for new project. If you bring scrips to , will trade for favor. Bye.',NULL,NULL,'Trade Merc Scrip for Favors?','Trade Merc Scrip for Favors?',0,1,0),
  ('reward_dm_exchange_trade_council_scrip_for_favors','Wikelo Favor','Wikelo Favor','Currency','Currency','utilities','epic','4.6',NULL,'If you want other way to get favors from Wikelo, have thing for you. Wikelo have need for scrip given out by Council group. Wikelo not part of thief souli, but has business from time to time. If you bring scrips to , will trade for favor. Bye.','If you want other way to get favors from Wikelo, have thing for you. Wikelo have need for scrip given out by Council group. Wikelo not part of thief souli, but has business from time to time. If you bring scrips to , will trade for favor. Bye.',NULL,NULL,'Trade Council Scrip for Favors?','Trade Council Scrip for Favors?',0,1,0),
  ('reward_dm_exchange_turn_things_to_favor','Wikelo Favor','Wikelo Favor','Currency','Currency','utilities','epic','4.6',NULL,'Maybe Wikelo not have something you want made (that strange, but okay). Old souli would give out favors, very good way to prove that you do work for me. Collect enough and trade when I have something you want. Bring things to and will trade for favor. Bye.','Maybe Wikelo not have something you want made (that strange, but okay). Old souli would give out favors, very good way to prove that you do work for me. Collect enough and trade when I have something you want. Bring things to and will trade for favor. Bye.',NULL,NULL,'Turn Things to Favor','Turn Things to Favor',0,1,0),
  ('reward_dm_exchange_want_polaris_need_something_special','Polaris Bit','Polaris Bit','Currency','Currency','utilities','epic','4.6',NULL,'Wikelo need large amounts of quantanium and is willing to give you nice Polaris in exchange but also know many humans not have much space, so you trade as you go. Wikelo will you Polaris bits if you want trade quantanium. Work like favors. Help Wikelo remember how much you give. Bring quantanium to and will trade for bits. Bye.','Wikelo need large amounts of quantanium and is willing to give you nice Polaris in exchange but also know many humans not have much space, so you trade as you go. Wikelo will you Polaris bits if you want trade quantanium. Work like favors. Help Wikelo remember how much you give. Bring quantanium to and will trade for bits. Bye.',NULL,NULL,'Want Polaris? Need something special.','Want Polaris? Need something special.',0,1,0)
ON DUPLICATE KEY UPDATE name_en=VALUES(name_en),name_fr=VALUES(name_fr),type_en=VALUES(type_en),type_fr=VALUES(type_fr),category=VALUES(category),rarity=VALUES(rarity),version=VALUES(version),description_en=VALUES(description_en),description_fr=VALUES(description_fr),image_url=VALUES(image_url),mission_name_en=VALUES(mission_name_en),mission_name_fr=VALUES(mission_name_fr),has_loadout=VALUES(has_loadout),gives=VALUES(gives),not_released=VALUES(not_released);

INSERT INTO ingredients (id,name_en,name_fr,category,rarity,image_url,description_en,description_fr,how_to_obtain_en,how_to_obtain_fr,location_id) VALUES
  ('ing_dm_ace_interceptor_helmet','Ace Interceptor Helmet','Ace Interceptor Helmet','special','common',NULL,NULL,NULL,NULL,NULL,NULL),
  ('ing_dm_adp_mk4_arms_woodland','ADP-mk4 Arms Woodland','ADP-mk4 Arms Woodland','special','common',NULL,NULL,NULL,NULL,NULL,NULL),
  ('ing_dm_adp_mk4_core_woodland','ADP-mk4 Core Woodland','ADP-mk4 Core Woodland','special','common',NULL,NULL,NULL,NULL,NULL,NULL),
  ('ing_dm_adp_mk4_helmet_woodland','ADP-mk4 Helmet Woodland','ADP-mk4 Helmet Woodland','special','common',NULL,NULL,NULL,NULL,NULL,NULL),
  ('ing_dm_adp_mk4_legs_woodland','ADP-mk4 Legs Woodland','ADP-mk4 Legs Woodland','special','common',NULL,NULL,NULL,NULL,NULL,NULL),
  ('ing_dm_advocacy_badge_replica','Advocacy Badge (Replica)','Advocacy Badge (Replica)','special','common',NULL,NULL,NULL,NULL,NULL,NULL),
  ('ing_dm_antium_arms','Antium Arms','Antium Arms','special','common',NULL,NULL,NULL,NULL,NULL,NULL),
  ('ing_dm_antium_core','Antium Core','Antium Core','special','common',NULL,NULL,NULL,NULL,NULL,NULL),
  ('ing_dm_antium_helmet','Antium Helmet','Antium Helmet','special','common',NULL,NULL,NULL,NULL,NULL,NULL),
  ('ing_dm_antium_legs','Antium Legs','Antium Legs','special','common',NULL,NULL,NULL,NULL,NULL,NULL),
  ('ing_dm_argo_atls','Argo ATLS','Argo ATLS','special','common',NULL,NULL,NULL,NULL,NULL,NULL),
  ('ing_dm_argo_atls_geo','Argo ATLS GEO','Argo ATLS GEO','special','common',NULL,NULL,NULL,NULL,NULL,NULL),
  ('ing_dm_argo_atls_ikti','Argo ATLS IKTI','Argo ATLS IKTI','special','common',NULL,NULL,NULL,NULL,NULL,NULL),
  ('ing_dm_asd_secure_drive','ASD Secure Drive','ASD Secure Drive','special','common',NULL,NULL,NULL,NULL,NULL,NULL),
  ('ing_dm_berry_blend_smoothie','Berry Blend Smoothie','Berry Blend Smoothie','special','common',NULL,NULL,NULL,NULL,NULL,NULL),
  ('ing_dm_bluemoon_fungus','Bluemoon Fungus','Bluemoon Fungus','special','common',NULL,NULL,NULL,NULL,NULL,NULL),
  ('ing_dm_boomtube_rocket_launcher','Boomtube Rocket Launcher','Boomtube Rocket Launcher','special','common',NULL,NULL,NULL,NULL,NULL,NULL),
  ('ing_dm_carinite','Carinite','Carinite','special','common',NULL,NULL,NULL,NULL,NULL,NULL),
  ('ing_dm_carinite_pure','Carinite (Pure)','Carinite (Pure)','special','common',NULL,NULL,NULL,NULL,NULL,NULL),
  ('ing_dm_coda_pistol','Coda Pistol','Coda Pistol','special','common',NULL,NULL,NULL,NULL,NULL,NULL),
  ('ing_dm_corbel_arms_mire','Corbel Arms Mire','Corbel Arms Mire','special','common',NULL,NULL,NULL,NULL,NULL,NULL),
  ('ing_dm_corbel_core_mire','Corbel Core Mire','Corbel Core Mire','special','common',NULL,NULL,NULL,NULL,NULL,NULL),
  ('ing_dm_corbel_helmet_mire','Corbel Helmet Mire','Corbel Helmet Mire','special','common',NULL,NULL,NULL,NULL,NULL,NULL),
  ('ing_dm_corbel_legs_mire','Corbel Legs Mire','Corbel Legs Mire','special','common',NULL,NULL,NULL,NULL,NULL,NULL),
  ('ing_dm_council_scrip','Council Scrip','Council Scrip','special','common',NULL,NULL,NULL,NULL,NULL,NULL),
  ('ing_dm_dchs_05_orbital_positioning_comp_board','DCHS-05 Orbital Positioning Comp-Board','DCHS-05 Orbital Positioning Comp-Board','special','common',NULL,NULL,NULL,NULL,NULL,NULL),
  ('ing_dm_ermer_family_farms_fat_free_ice_cream','Ermer Family Farms Fat Free Ice Cream','Ermer Family Farms Fat Free Ice Cream','special','common',NULL,NULL,NULL,NULL,NULL,NULL),
  ('ing_dm_f55_lmg','F55 LMG','F55 LMG','special','common',NULL,NULL,NULL,NULL,NULL,NULL),
  ('ing_dm_fresnel_energy_lmg','Fresnel Energy LMG','Fresnel Energy LMG','special','common',NULL,NULL,NULL,NULL,NULL,NULL),
  ('ing_dm_geist_armor_arms_asd_edition','Geist Armor Arms ASD Edition','Geist Armor Arms ASD Edition','special','common',NULL,NULL,NULL,NULL,NULL,NULL),
  ('ing_dm_geist_armor_core_asd_edition','Geist Armor Core ASD Edition','Geist Armor Core ASD Edition','special','common',NULL,NULL,NULL,NULL,NULL,NULL),
  ('ing_dm_geist_armor_helmet_asd_edition','Geist Armor Helmet ASD Edition','Geist Armor Helmet ASD Edition','special','common',NULL,NULL,NULL,NULL,NULL,NULL),
  ('ing_dm_geist_armor_legs_asd_edition','Geist Armor Legs ASD Edition','Geist Armor Legs ASD Edition','special','common',NULL,NULL,NULL,NULL,NULL,NULL),
  ('ing_dm_geist_backpack_asd_edition','Geist Backpack ASD Edition','Geist Backpack ASD Edition','special','common',NULL,NULL,NULL,NULL,NULL,NULL),
  ('ing_dm_government_cartography_agency_medal_pristine','Government Cartography Agency Medal (Pristine)','Government Cartography Agency Medal (Pristine)','special','common',NULL,NULL,NULL,NULL,NULL,NULL),
  ('ing_dm_grassland_quasi_grazer_egg','Grassland Quasi Grazer Egg','Grassland Quasi Grazer Egg','special','common',NULL,NULL,NULL,NULL,NULL,NULL),
  ('ing_dm_irradiated_kopion_horn','Irradiated Kopion Horn','Irradiated Kopion Horn','special','common',NULL,NULL,NULL,NULL,NULL,NULL),
  ('ing_dm_irradiated_valakkar_fang_adult','Irradiated Valakkar Fang (Adult)','Irradiated Valakkar Fang (Adult)','special','common',NULL,NULL,NULL,NULL,NULL,NULL),
  ('ing_dm_irradiated_valakkar_fang_apex','Irradiated Valakkar Fang (Apex)','Irradiated Valakkar Fang (Apex)','special','common',NULL,NULL,NULL,NULL,NULL,NULL),
  ('ing_dm_irradiated_valakkar_fang_juvenile','Irradiated Valakkar Fang (Juvenile)','Irradiated Valakkar Fang (Juvenile)','special','common',NULL,NULL,NULL,NULL,NULL,NULL),
  ('ing_dm_irradiated_valakkar_pearl_grade_aa','Irradiated Valakkar Pearl (Grade AA)','Irradiated Valakkar Pearl (Grade AA)','special','common',NULL,NULL,NULL,NULL,NULL,NULL),
  ('ing_dm_irradiated_valakkar_pearl_grade_aaa','Irradiated Valakkar Pearl (Grade AAA)','Irradiated Valakkar Pearl (Grade AAA)','special','common',NULL,NULL,NULL,NULL,NULL,NULL),
  ('ing_dm_jaclium_ore','Jaclium (Ore)','Jaclium (Ore)','special','common',NULL,NULL,NULL,NULL,NULL,NULL),
  ('ing_dm_karna_rifle','Karna Rifle','Karna Rifle','special','common',NULL,NULL,NULL,NULL,NULL,NULL),
  ('ing_dm_large_artifact_fragment_pristine','Large Artifact Fragment (Pristine)','Large Artifact Fragment (Pristine)','special','common',NULL,NULL,NULL,NULL,NULL,NULL),
  ('ing_dm_mg_scrip','MG Scrip','MG Scrip','special','common',NULL,NULL,NULL,NULL,NULL,NULL),
  ('ing_dm_nn_13_cannon','NN-13 Cannon','NN-13 Cannon','special','common',NULL,NULL,NULL,NULL,NULL,NULL),
  ('ing_dm_novikov_backpack_mire','Novikov Backpack Mire','Novikov Backpack Mire','special','common',NULL,NULL,NULL,NULL,NULL,NULL),
  ('ing_dm_novikov_exploration_suit','Novikov Exploration Suit','Novikov Exploration Suit','special','common',NULL,NULL,NULL,NULL,NULL,NULL),
  ('ing_dm_novikov_helmet','Novikov Helmet','Novikov Helmet','special','common',NULL,NULL,NULL,NULL,NULL,NULL),
  ('ing_dm_palatino_arms','Palatino Arms','Palatino Arms','special','common',NULL,NULL,NULL,NULL,NULL,NULL),
  ('ing_dm_palatino_backpack','Palatino Backpack','Palatino Backpack','special','common',NULL,NULL,NULL,NULL,NULL,NULL),
  ('ing_dm_palatino_core','Palatino Core','Palatino Core','special','common',NULL,NULL,NULL,NULL,NULL,NULL),
  ('ing_dm_palatino_helmet','Palatino Helmet','Palatino Helmet','special','common',NULL,NULL,NULL,NULL,NULL,NULL),
  ('ing_dm_palatino_legs','Palatino Legs','Palatino Legs','special','common',NULL,NULL,NULL,NULL,NULL,NULL),
  ('ing_dm_parallax_energy_assault_rifle','Parallax Energy Assault Rifle','Parallax Energy Assault Rifle','special','common',NULL,NULL,NULL,NULL,NULL,NULL),
  ('ing_dm_polaris_bit','Polaris Bit','Polaris Bit','special','common',NULL,NULL,NULL,NULL,NULL,NULL),
  ('ing_dm_prism_laser_shotgun','Prism Laser Shotgun','Prism Laser Shotgun','special','common',NULL,NULL,NULL,NULL,NULL,NULL),
  ('ing_dm_quantanium','Quantanium','Quantanium','special','common',NULL,NULL,NULL,NULL,NULL,NULL),
  ('ing_dm_quartz_energy_smg','Quartz Energy SMG','Quartz Energy SMG','special','common',NULL,NULL,NULL,NULL,NULL,NULL),
  ('ing_dm_rcmbnt_pwl_1','RCMBNT-PWL-1','RCMBNT-PWL-1','special','common',NULL,NULL,NULL,NULL,NULL,NULL),
  ('ing_dm_rcmbnt_pwl_2','RCMBNT-PWL-2','RCMBNT-PWL-2','special','common',NULL,NULL,NULL,NULL,NULL,NULL),
  ('ing_dm_rcmbnt_pwl_3','RCMBNT-PWL-3','RCMBNT-PWL-3','special','common',NULL,NULL,NULL,NULL,NULL,NULL),
  ('ing_dm_rcmbnt_rgl_1','RCMBNT-RGL-1','RCMBNT-RGL-1','special','common',NULL,NULL,NULL,NULL,NULL,NULL),
  ('ing_dm_rcmbnt_rgl_2','RCMBNT-RGL-2','RCMBNT-RGL-2','special','common',NULL,NULL,NULL,NULL,NULL,NULL),
  ('ing_dm_rcmbnt_rgl_3','RCMBNT-RGL-3','RCMBNT-RGL-3','special','common',NULL,NULL,NULL,NULL,NULL,NULL),
  ('ing_dm_rcmbnt_xtl_1','RCMBNT-XTL-1','RCMBNT-XTL-1','special','common',NULL,NULL,NULL,NULL,NULL,NULL),
  ('ing_dm_rcmbnt_xtl_2','RCMBNT-XTL-2','RCMBNT-XTL-2','special','common',NULL,NULL,NULL,NULL,NULL,NULL),
  ('ing_dm_rcmbnt_xtl_3','RCMBNT-XTL-3','RCMBNT-XTL-3','special','common',NULL,NULL,NULL,NULL,NULL,NULL),
  ('ing_dm_s71_rifle','S71 Rifle','S71 Rifle','special','common',NULL,NULL,NULL,NULL,NULL,NULL),
  ('ing_dm_saldynium_ore','Saldynium (Ore)','Saldynium (Ore)','special','common',NULL,NULL,NULL,NULL,NULL,NULL),
  ('ing_dm_strata_arms','Strata Arms','Strata Arms','special','common',NULL,NULL,NULL,NULL,NULL,NULL),
  ('ing_dm_strata_backpack','Strata Backpack','Strata Backpack','special','common',NULL,NULL,NULL,NULL,NULL,NULL),
  ('ing_dm_strata_core','Strata Core','Strata Core','special','common',NULL,NULL,NULL,NULL,NULL,NULL),
  ('ing_dm_strata_helmet','Strata Helmet','Strata Helmet','special','common',NULL,NULL,NULL,NULL,NULL,NULL),
  ('ing_dm_strata_legs','Strata Legs','Strata Legs','special','common',NULL,NULL,NULL,NULL,NULL,NULL),
  ('ing_dm_testudo_arms_turfwar','Testudo Arms Turfwar','Testudo Arms Turfwar','special','common',NULL,NULL,NULL,NULL,NULL,NULL),
  ('ing_dm_testudo_backpack_turfwar','Testudo Backpack Turfwar','Testudo Backpack Turfwar','special','common',NULL,NULL,NULL,NULL,NULL,NULL),
  ('ing_dm_testudo_core_turfwar','Testudo Core Turfwar','Testudo Core Turfwar','special','common',NULL,NULL,NULL,NULL,NULL,NULL),
  ('ing_dm_testudo_helmet_turfwar','Testudo Helmet Turfwar','Testudo Helmet Turfwar','special','common',NULL,NULL,NULL,NULL,NULL,NULL),
  ('ing_dm_testudo_legs_turfwar','Testudo Legs Turfwar','Testudo Legs Turfwar','special','common',NULL,NULL,NULL,NULL,NULL,NULL),
  ('ing_dm_tevarin_war_service_marker_pristine','Tevarin War Service Marker (Pristine)','Tevarin War Service Marker (Pristine)','special','common',NULL,NULL,NULL,NULL,NULL,NULL),
  ('ing_dm_tripledown_pistol','Tripledown Pistol','Tripledown Pistol','special','common',NULL,NULL,NULL,NULL,NULL,NULL),
  ('ing_dm_tundra_kopion_horn','Tundra Kopion Horn','Tundra Kopion Horn','special','common',NULL,NULL,NULL,NULL,NULL,NULL),
  ('ing_dm_uee_6th_platoon_medal_pristine','UEE 6th Platoon Medal (Pristine)','UEE 6th Platoon Medal (Pristine)','special','common',NULL,NULL,NULL,NULL,NULL,NULL),
  ('ing_dm_valakkar_fang_juvenile','Valakkar Fang (Juvenile)','Valakkar Fang (Juvenile)','special','common',NULL,NULL,NULL,NULL,NULL,NULL),
  ('ing_dm_vanduul_metal','Vanduul Metal','Vanduul Metal','special','common',NULL,NULL,NULL,NULL,NULL,NULL),
  ('ing_dm_vanduul_plating','Vanduul Plating','Vanduul Plating','special','common',NULL,NULL,NULL,NULL,NULL,NULL),
  ('ing_dm_venture_arms','Venture Arms','Venture Arms','special','common',NULL,NULL,NULL,NULL,NULL,NULL),
  ('ing_dm_venture_core','Venture Core','Venture Core','special','common',NULL,NULL,NULL,NULL,NULL,NULL),
  ('ing_dm_venture_helmet_white','Venture Helmet White','Venture Helmet White','special','common',NULL,NULL,NULL,NULL,NULL,NULL),
  ('ing_dm_venture_legs','Venture Legs','Venture Legs','special','common',NULL,NULL,NULL,NULL,NULL,NULL),
  ('ing_dm_vestal_water','Vestal Water','Vestal Water','special','common',NULL,NULL,NULL,NULL,NULL,NULL),
  ('ing_dm_wikelo_favor','Wikelo Favor','Wikelo Favor','special','common',NULL,NULL,NULL,NULL,NULL,NULL),
  ('ing_dm_xanthule_helmet','Xanthule Helmet','Xanthule Helmet','special','common',NULL,NULL,NULL,NULL,NULL,NULL),
  ('ing_dm_xanthule_suit','Xanthule Suit','Xanthule Suit','special','common',NULL,NULL,NULL,NULL,NULL,NULL),
  ('ing_dm_yormandi_eye','Yormandi Eye','Yormandi Eye','special','common',NULL,NULL,NULL,NULL,NULL,NULL),
  ('ing_dm_yormandi_tongue','Yormandi Tongue','Yormandi Tongue','special','common',NULL,NULL,NULL,NULL,NULL,NULL),
  ('ing_dm_zenith_laser_sniper_rifle','Zenith Laser Sniper Rifle','Zenith Laser Sniper Rifle','special','common',NULL,NULL,NULL,NULL,NULL,NULL)
ON DUPLICATE KEY UPDATE name_en=VALUES(name_en),name_fr=VALUES(name_fr),category=VALUES(category),rarity=VALUES(rarity);

INSERT INTO reward_ingredients (id,reward_id,ingredient_id,quantity,unit) VALUES
  ('ri_reward_dm_item_001_ing_dm_carinite_pure','reward_dm_item_001','ing_dm_carinite_pure',1,'x'),
  ('ri_reward_dm_item_001_ing_dm_antium_core','reward_dm_item_001','ing_dm_antium_core',1,'x'),
  ('ri_reward_dm_item_001_ing_dm_antium_helmet','reward_dm_item_001','ing_dm_antium_helmet',1,'x'),
  ('ri_reward_dm_item_001_ing_dm_antium_legs','reward_dm_item_001','ing_dm_antium_legs',1,'x'),
  ('ri_reward_dm_item_001_ing_dm_antium_arms','reward_dm_item_001','ing_dm_antium_arms',1,'x'),
  ('ri_reward_dm_item_002_ing_dm_carinite','reward_dm_item_002','ing_dm_carinite',10,'x'),
  ('ri_reward_dm_item_002_ing_dm_saldynium_ore','reward_dm_item_002','ing_dm_saldynium_ore',15,'x'),
  ('ri_reward_dm_item_002_ing_dm_parallax_energy_assault_rifle','reward_dm_item_002','ing_dm_parallax_energy_assault_rifle',1,'x'),
  ('ri_reward_dm_item_002_ing_dm_tundra_kopion_horn','reward_dm_item_002','ing_dm_tundra_kopion_horn',20,'x'),
  ('ri_reward_dm_item_002_ing_dm_jaclium_ore','reward_dm_item_002','ing_dm_jaclium_ore',20,'x'),
  ('ri_reward_dm_item_003_ing_dm_carinite','reward_dm_item_003','ing_dm_carinite',20,'x'),
  ('ri_reward_dm_item_003_ing_dm_saldynium_ore','reward_dm_item_003','ing_dm_saldynium_ore',30,'x'),
  ('ri_reward_dm_item_003_ing_dm_parallax_energy_assault_rifle','reward_dm_item_003','ing_dm_parallax_energy_assault_rifle',1,'x'),
  ('ri_reward_dm_item_003_ing_dm_tundra_kopion_horn','reward_dm_item_003','ing_dm_tundra_kopion_horn',35,'x'),
  ('ri_reward_dm_item_003_ing_dm_jaclium_ore','reward_dm_item_003','ing_dm_jaclium_ore',40,'x'),
  ('ri_reward_dm_item_004_ing_dm_carinite','reward_dm_item_004','ing_dm_carinite',10,'x'),
  ('ri_reward_dm_item_004_ing_dm_saldynium_ore','reward_dm_item_004','ing_dm_saldynium_ore',15,'x'),
  ('ri_reward_dm_item_004_ing_dm_parallax_energy_assault_rifle','reward_dm_item_004','ing_dm_parallax_energy_assault_rifle',1,'x'),
  ('ri_reward_dm_item_004_ing_dm_irradiated_valakkar_fang_juvenile','reward_dm_item_004','ing_dm_irradiated_valakkar_fang_juvenile',20,'x'),
  ('ri_reward_dm_item_004_ing_dm_jaclium_ore','reward_dm_item_004','ing_dm_jaclium_ore',20,'x'),
  ('ri_reward_dm_item_005_ing_dm_carinite','reward_dm_item_005','ing_dm_carinite',20,'x'),
  ('ri_reward_dm_item_005_ing_dm_saldynium_ore','reward_dm_item_005','ing_dm_saldynium_ore',30,'x'),
  ('ri_reward_dm_item_005_ing_dm_parallax_energy_assault_rifle','reward_dm_item_005','ing_dm_parallax_energy_assault_rifle',1,'x'),
  ('ri_reward_dm_item_005_ing_dm_valakkar_fang_juvenile','reward_dm_item_005','ing_dm_valakkar_fang_juvenile',35,'x'),
  ('ri_reward_dm_item_005_ing_dm_jaclium_ore','reward_dm_item_005','ing_dm_jaclium_ore',40,'x'),
  ('ri_reward_dm_item_006_ing_dm_ace_interceptor_helmet','reward_dm_item_006','ing_dm_ace_interceptor_helmet',5,'x'),
  ('ri_reward_dm_item_006_ing_dm_valakkar_fang_juvenile','reward_dm_item_006','ing_dm_valakkar_fang_juvenile',50,'x'),
  ('ri_reward_dm_item_006_ing_dm_adp_mk4_core_woodland','reward_dm_item_006','ing_dm_adp_mk4_core_woodland',1,'x'),
  ('ri_reward_dm_item_006_ing_dm_adp_mk4_arms_woodland','reward_dm_item_006','ing_dm_adp_mk4_arms_woodland',1,'x'),
  ('ri_reward_dm_item_006_ing_dm_adp_mk4_legs_woodland','reward_dm_item_006','ing_dm_adp_mk4_legs_woodland',1,'x'),
  ('ri_reward_dm_item_006_ing_dm_adp_mk4_helmet_woodland','reward_dm_item_006','ing_dm_adp_mk4_helmet_woodland',1,'x'),
  ('ri_reward_dm_item_006_ing_dm_wikelo_favor','reward_dm_item_006','ing_dm_wikelo_favor',3,'x'),
  ('ri_reward_dm_item_007_ing_dm_ace_interceptor_helmet','reward_dm_item_007','ing_dm_ace_interceptor_helmet',5,'x'),
  ('ri_reward_dm_item_007_ing_dm_advocacy_badge_replica','reward_dm_item_007','ing_dm_advocacy_badge_replica',20,'x'),
  ('ri_reward_dm_item_007_ing_dm_adp_mk4_core_woodland','reward_dm_item_007','ing_dm_adp_mk4_core_woodland',1,'x'),
  ('ri_reward_dm_item_007_ing_dm_adp_mk4_arms_woodland','reward_dm_item_007','ing_dm_adp_mk4_arms_woodland',1,'x'),
  ('ri_reward_dm_item_007_ing_dm_adp_mk4_legs_woodland','reward_dm_item_007','ing_dm_adp_mk4_legs_woodland',1,'x'),
  ('ri_reward_dm_item_007_ing_dm_adp_mk4_helmet_woodland','reward_dm_item_007','ing_dm_adp_mk4_helmet_woodland',1,'x'),
  ('ri_reward_dm_item_007_ing_dm_wikelo_favor','reward_dm_item_007','ing_dm_wikelo_favor',3,'x'),
  ('ri_reward_dm_item_008_ing_dm_wikelo_favor','reward_dm_item_008','ing_dm_wikelo_favor',3,'x'),
  ('ri_reward_dm_item_008_ing_dm_ace_interceptor_helmet','reward_dm_item_008','ing_dm_ace_interceptor_helmet',5,'x'),
  ('ri_reward_dm_item_008_ing_dm_grassland_quasi_grazer_egg','reward_dm_item_008','ing_dm_grassland_quasi_grazer_egg',50,'x'),
  ('ri_reward_dm_item_008_ing_dm_adp_mk4_core_woodland','reward_dm_item_008','ing_dm_adp_mk4_core_woodland',1,'x'),
  ('ri_reward_dm_item_008_ing_dm_adp_mk4_arms_woodland','reward_dm_item_008','ing_dm_adp_mk4_arms_woodland',1,'x'),
  ('ri_reward_dm_item_008_ing_dm_adp_mk4_legs_woodland','reward_dm_item_008','ing_dm_adp_mk4_legs_woodland',1,'x'),
  ('ri_reward_dm_item_008_ing_dm_adp_mk4_helmet_woodland','reward_dm_item_008','ing_dm_adp_mk4_helmet_woodland',1,'x'),
  ('ri_reward_dm_item_009_ing_dm_mg_scrip','reward_dm_item_009','ing_dm_mg_scrip',30,'x'),
  ('ri_reward_dm_item_009_ing_dm_ace_interceptor_helmet','reward_dm_item_009','ing_dm_ace_interceptor_helmet',5,'x'),
  ('ri_reward_dm_item_009_ing_dm_grassland_quasi_grazer_egg','reward_dm_item_009','ing_dm_grassland_quasi_grazer_egg',50,'x'),
  ('ri_reward_dm_item_009_ing_dm_quartz_energy_smg','reward_dm_item_009','ing_dm_quartz_energy_smg',1,'x'),
  ('ri_reward_dm_item_010_ing_dm_mg_scrip','reward_dm_item_010','ing_dm_mg_scrip',30,'x'),
  ('ri_reward_dm_item_010_ing_dm_ace_interceptor_helmet','reward_dm_item_010','ing_dm_ace_interceptor_helmet',5,'x'),
  ('ri_reward_dm_item_010_ing_dm_tundra_kopion_horn','reward_dm_item_010','ing_dm_tundra_kopion_horn',35,'x'),
  ('ri_reward_dm_item_010_ing_dm_quartz_energy_smg','reward_dm_item_010','ing_dm_quartz_energy_smg',1,'x'),
  ('ri_reward_dm_item_011_ing_dm_council_scrip','reward_dm_item_011','ing_dm_council_scrip',30,'x'),
  ('ri_reward_dm_item_011_ing_dm_ace_interceptor_helmet','reward_dm_item_011','ing_dm_ace_interceptor_helmet',5,'x'),
  ('ri_reward_dm_item_011_ing_dm_advocacy_badge_replica','reward_dm_item_011','ing_dm_advocacy_badge_replica',10,'x'),
  ('ri_reward_dm_item_011_ing_dm_quartz_energy_smg','reward_dm_item_011','ing_dm_quartz_energy_smg',1,'x'),
  ('ri_reward_dm_item_012_ing_dm_antium_core','reward_dm_item_012','ing_dm_antium_core',1,'x'),
  ('ri_reward_dm_item_012_ing_dm_antium_helmet','reward_dm_item_012','ing_dm_antium_helmet',1,'x'),
  ('ri_reward_dm_item_012_ing_dm_antium_arms','reward_dm_item_012','ing_dm_antium_arms',1,'x'),
  ('ri_reward_dm_item_012_ing_dm_antium_legs','reward_dm_item_012','ing_dm_antium_legs',1,'x'),
  ('ri_reward_dm_item_012_ing_dm_irradiated_valakkar_pearl_grade_aaa','reward_dm_item_012','ing_dm_irradiated_valakkar_pearl_grade_aaa',1,'x'),
  ('ri_reward_dm_item_013_ing_dm_irradiated_valakkar_fang_adult','reward_dm_item_013','ing_dm_irradiated_valakkar_fang_adult',10,'x'),
  ('ri_reward_dm_item_013_ing_dm_irradiated_valakkar_fang_juvenile','reward_dm_item_013','ing_dm_irradiated_valakkar_fang_juvenile',5,'x'),
  ('ri_reward_dm_item_013_ing_dm_prism_laser_shotgun','reward_dm_item_013','ing_dm_prism_laser_shotgun',1,'x'),
  ('ri_reward_dm_item_014_ing_dm_novikov_helmet','reward_dm_item_014','ing_dm_novikov_helmet',1,'x'),
  ('ri_reward_dm_item_014_ing_dm_mg_scrip','reward_dm_item_014','ing_dm_mg_scrip',30,'x'),
  ('ri_reward_dm_item_014_ing_dm_irradiated_valakkar_fang_adult','reward_dm_item_014','ing_dm_irradiated_valakkar_fang_adult',10,'x'),
  ('ri_reward_dm_item_014_ing_dm_irradiated_valakkar_fang_juvenile','reward_dm_item_014','ing_dm_irradiated_valakkar_fang_juvenile',20,'x'),
  ('ri_reward_dm_item_014_ing_dm_irradiated_valakkar_pearl_grade_aaa','reward_dm_item_014','ing_dm_irradiated_valakkar_pearl_grade_aaa',1,'x'),
  ('ri_reward_dm_item_014_ing_dm_novikov_exploration_suit','reward_dm_item_014','ing_dm_novikov_exploration_suit',1,'x'),
  ('ri_reward_dm_item_015_ing_dm_xanthule_helmet','reward_dm_item_015','ing_dm_xanthule_helmet',1,'x'),
  ('ri_reward_dm_item_015_ing_dm_ace_interceptor_helmet','reward_dm_item_015','ing_dm_ace_interceptor_helmet',10,'x'),
  ('ri_reward_dm_item_015_ing_dm_tevarin_war_service_marker_pristine','reward_dm_item_015','ing_dm_tevarin_war_service_marker_pristine',1,'x'),
  ('ri_reward_dm_item_015_ing_dm_mg_scrip','reward_dm_item_015','ing_dm_mg_scrip',20,'x'),
  ('ri_reward_dm_item_015_ing_dm_xanthule_suit','reward_dm_item_015','ing_dm_xanthule_suit',1,'x'),
  ('ri_reward_dm_item_016_ing_dm_venture_core','reward_dm_item_016','ing_dm_venture_core',1,'x'),
  ('ri_reward_dm_item_016_ing_dm_venture_helmet_white','reward_dm_item_016','ing_dm_venture_helmet_white',1,'x'),
  ('ri_reward_dm_item_016_ing_dm_venture_legs','reward_dm_item_016','ing_dm_venture_legs',1,'x'),
  ('ri_reward_dm_item_016_ing_dm_mg_scrip','reward_dm_item_016','ing_dm_mg_scrip',30,'x'),
  ('ri_reward_dm_item_016_ing_dm_saldynium_ore','reward_dm_item_016','ing_dm_saldynium_ore',10,'x'),
  ('ri_reward_dm_item_016_ing_dm_jaclium_ore','reward_dm_item_016','ing_dm_jaclium_ore',20,'x'),
  ('ri_reward_dm_item_016_ing_dm_carinite_pure','reward_dm_item_016','ing_dm_carinite_pure',1,'x'),
  ('ri_reward_dm_item_016_ing_dm_venture_arms','reward_dm_item_016','ing_dm_venture_arms',1,'x'),
  ('ri_reward_dm_item_017_ing_dm_irradiated_valakkar_fang_juvenile','reward_dm_item_017','ing_dm_irradiated_valakkar_fang_juvenile',10,'x'),
  ('ri_reward_dm_item_017_ing_dm_irradiated_kopion_horn','reward_dm_item_017','ing_dm_irradiated_kopion_horn',10,'x'),
  ('ri_reward_dm_item_017_ing_dm_irradiated_valakkar_fang_adult','reward_dm_item_017','ing_dm_irradiated_valakkar_fang_adult',10,'x'),
  ('ri_reward_dm_item_017_ing_dm_irradiated_valakkar_pearl_grade_aaa','reward_dm_item_017','ing_dm_irradiated_valakkar_pearl_grade_aaa',1,'x'),
  ('ri_reward_dm_item_017_ing_dm_karna_rifle','reward_dm_item_017','ing_dm_karna_rifle',1,'x'),
  ('ri_reward_dm_item_018_ing_dm_carinite','reward_dm_item_018','ing_dm_carinite',10,'x'),
  ('ri_reward_dm_item_018_ing_dm_saldynium_ore','reward_dm_item_018','ing_dm_saldynium_ore',10,'x'),
  ('ri_reward_dm_item_018_ing_dm_jaclium_ore','reward_dm_item_018','ing_dm_jaclium_ore',10,'x'),
  ('ri_reward_dm_item_018_ing_dm_carinite_pure','reward_dm_item_018','ing_dm_carinite_pure',1,'x'),
  ('ri_reward_dm_item_018_ing_dm_s71_rifle','reward_dm_item_018','ing_dm_s71_rifle',1,'x'),
  ('ri_reward_dm_item_019_ing_dm_ace_interceptor_helmet','reward_dm_item_019','ing_dm_ace_interceptor_helmet',5,'x'),
  ('ri_reward_dm_item_019_ing_dm_tevarin_war_service_marker_pristine','reward_dm_item_019','ing_dm_tevarin_war_service_marker_pristine',1,'x'),
  ('ri_reward_dm_item_019_ing_dm_mg_scrip','reward_dm_item_019','ing_dm_mg_scrip',30,'x'),
  ('ri_reward_dm_item_019_ing_dm_coda_pistol','reward_dm_item_019','ing_dm_coda_pistol',1,'x'),
  ('ri_reward_dm_item_020_ing_dm_asd_secure_drive','reward_dm_item_020','ing_dm_asd_secure_drive',7,'x'),
  ('ri_reward_dm_item_020_ing_dm_zenith_laser_sniper_rifle','reward_dm_item_020','ing_dm_zenith_laser_sniper_rifle',1,'x'),
  ('ri_reward_dm_item_021_ing_dm_asd_secure_drive','reward_dm_item_021','ing_dm_asd_secure_drive',4,'x'),
  ('ri_reward_dm_item_021_ing_dm_geist_armor_arms_asd_edition','reward_dm_item_021','ing_dm_geist_armor_arms_asd_edition',1,'x'),
  ('ri_reward_dm_item_021_ing_dm_geist_armor_core_asd_edition','reward_dm_item_021','ing_dm_geist_armor_core_asd_edition',1,'x'),
  ('ri_reward_dm_item_021_ing_dm_geist_armor_helmet_asd_edition','reward_dm_item_021','ing_dm_geist_armor_helmet_asd_edition',1,'x'),
  ('ri_reward_dm_item_021_ing_dm_geist_armor_legs_asd_edition','reward_dm_item_021','ing_dm_geist_armor_legs_asd_edition',1,'x'),
  ('ri_reward_dm_item_021_ing_dm_geist_backpack_asd_edition','reward_dm_item_021','ing_dm_geist_backpack_asd_edition',1,'x'),
  ('ri_reward_dm_item_022_ing_dm_asd_secure_drive','reward_dm_item_022','ing_dm_asd_secure_drive',5,'x'),
  ('ri_reward_dm_item_022_ing_dm_rcmbnt_xtl_1','reward_dm_item_022','ing_dm_rcmbnt_xtl_1',5,'x'),
  ('ri_reward_dm_item_022_ing_dm_rcmbnt_xtl_2','reward_dm_item_022','ing_dm_rcmbnt_xtl_2',5,'x'),
  ('ri_reward_dm_item_022_ing_dm_rcmbnt_xtl_3','reward_dm_item_022','ing_dm_rcmbnt_xtl_3',5,'x'),
  ('ri_reward_dm_item_022_ing_dm_fresnel_energy_lmg','reward_dm_item_022','ing_dm_fresnel_energy_lmg',1,'x'),
  ('ri_reward_dm_item_023_ing_dm_carinite','reward_dm_item_023','ing_dm_carinite',30,'x'),
  ('ri_reward_dm_item_023_ing_dm_rcmbnt_pwl_1','reward_dm_item_023','ing_dm_rcmbnt_pwl_1',4,'x'),
  ('ri_reward_dm_item_023_ing_dm_rcmbnt_pwl_2','reward_dm_item_023','ing_dm_rcmbnt_pwl_2',4,'x'),
  ('ri_reward_dm_item_023_ing_dm_rcmbnt_pwl_3','reward_dm_item_023','ing_dm_rcmbnt_pwl_3',4,'x'),
  ('ri_reward_dm_item_023_ing_dm_strata_arms','reward_dm_item_023','ing_dm_strata_arms',1,'x'),
  ('ri_reward_dm_item_023_ing_dm_strata_legs','reward_dm_item_023','ing_dm_strata_legs',1,'x'),
  ('ri_reward_dm_item_023_ing_dm_strata_helmet','reward_dm_item_023','ing_dm_strata_helmet',1,'x'),
  ('ri_reward_dm_item_023_ing_dm_strata_backpack','reward_dm_item_023','ing_dm_strata_backpack',1,'x'),
  ('ri_reward_dm_item_023_ing_dm_strata_core','reward_dm_item_023','ing_dm_strata_core',1,'x'),
  ('ri_reward_dm_item_024_ing_dm_corbel_core_mire','reward_dm_item_024','ing_dm_corbel_core_mire',1,'x'),
  ('ri_reward_dm_item_024_ing_dm_corbel_arms_mire','reward_dm_item_024','ing_dm_corbel_arms_mire',1,'x'),
  ('ri_reward_dm_item_024_ing_dm_corbel_legs_mire','reward_dm_item_024','ing_dm_corbel_legs_mire',1,'x'),
  ('ri_reward_dm_item_024_ing_dm_novikov_backpack_mire','reward_dm_item_024','ing_dm_novikov_backpack_mire',1,'x'),
  ('ri_reward_dm_item_024_ing_dm_asd_secure_drive','reward_dm_item_024','ing_dm_asd_secure_drive',10,'x'),
  ('ri_reward_dm_item_024_ing_dm_rcmbnt_rgl_1','reward_dm_item_024','ing_dm_rcmbnt_rgl_1',5,'x'),
  ('ri_reward_dm_item_024_ing_dm_rcmbnt_rgl_2','reward_dm_item_024','ing_dm_rcmbnt_rgl_2',5,'x'),
  ('ri_reward_dm_item_024_ing_dm_rcmbnt_rgl_3','reward_dm_item_024','ing_dm_rcmbnt_rgl_3',5,'x'),
  ('ri_reward_dm_item_024_ing_dm_corbel_helmet_mire','reward_dm_item_024','ing_dm_corbel_helmet_mire',1,'x'),
  ('ri_reward_dm_item_025_ing_dm_wikelo_favor','reward_dm_item_025','ing_dm_wikelo_favor',1,'x'),
  ('ri_reward_dm_item_025_ing_dm_yormandi_eye','reward_dm_item_025','ing_dm_yormandi_eye',2,'x'),
  ('ri_reward_dm_item_025_ing_dm_yormandi_tongue','reward_dm_item_025','ing_dm_yormandi_tongue',1,'x'),
  ('ri_reward_dm_item_026_ing_dm_yormandi_eye','reward_dm_item_026','ing_dm_yormandi_eye',6,'x'),
  ('ri_reward_dm_item_026_ing_dm_yormandi_tongue','reward_dm_item_026','ing_dm_yormandi_tongue',3,'x'),
  ('ri_reward_dm_item_026_ing_dm_fresnel_energy_lmg','reward_dm_item_026','ing_dm_fresnel_energy_lmg',1,'x'),
  ('ri_reward_dm_item_027_ing_dm_f55_lmg','reward_dm_item_027','ing_dm_f55_lmg',1,'x'),
  ('ri_reward_dm_item_027_ing_dm_yormandi_eye','reward_dm_item_027','ing_dm_yormandi_eye',4,'x'),
  ('ri_reward_dm_item_027_ing_dm_yormandi_tongue','reward_dm_item_027','ing_dm_yormandi_tongue',2,'x'),
  ('ri_reward_dm_item_027_ing_dm_carinite','reward_dm_item_027','ing_dm_carinite',20,'x'),
  ('ri_reward_dm_item_028_ing_dm_yormandi_eye','reward_dm_item_028','ing_dm_yormandi_eye',14,'x'),
  ('ri_reward_dm_item_028_ing_dm_yormandi_tongue','reward_dm_item_028','ing_dm_yormandi_tongue',7,'x'),
  ('ri_reward_dm_item_028_ing_dm_palatino_helmet','reward_dm_item_028','ing_dm_palatino_helmet',1,'x'),
  ('ri_reward_dm_item_028_ing_dm_palatino_arms','reward_dm_item_028','ing_dm_palatino_arms',1,'x'),
  ('ri_reward_dm_item_028_ing_dm_palatino_legs','reward_dm_item_028','ing_dm_palatino_legs',1,'x'),
  ('ri_reward_dm_item_028_ing_dm_palatino_core','reward_dm_item_028','ing_dm_palatino_core',1,'x'),
  ('ri_reward_dm_item_028_ing_dm_palatino_backpack','reward_dm_item_028','ing_dm_palatino_backpack',1,'x'),
  ('ri_reward_dm_item_029_ing_dm_vanduul_plating','reward_dm_item_029','ing_dm_vanduul_plating',15,'x'),
  ('ri_reward_dm_item_029_ing_dm_vanduul_metal','reward_dm_item_029','ing_dm_vanduul_metal',15,'x'),
  ('ri_reward_dm_item_029_ing_dm_testudo_legs_turfwar','reward_dm_item_029','ing_dm_testudo_legs_turfwar',1,'x'),
  ('ri_reward_dm_item_029_ing_dm_testudo_helmet_turfwar','reward_dm_item_029','ing_dm_testudo_helmet_turfwar',1,'x'),
  ('ri_reward_dm_item_029_ing_dm_testudo_core_turfwar','reward_dm_item_029','ing_dm_testudo_core_turfwar',1,'x'),
  ('ri_reward_dm_item_029_ing_dm_testudo_arms_turfwar','reward_dm_item_029','ing_dm_testudo_arms_turfwar',1,'x'),
  ('ri_reward_dm_item_029_ing_dm_testudo_backpack_turfwar','reward_dm_item_029','ing_dm_testudo_backpack_turfwar',1,'x'),
  ('ri_reward_dm_item_030_ing_dm_vanduul_plating','reward_dm_item_030','ing_dm_vanduul_plating',2,'x'),
  ('ri_reward_dm_item_030_ing_dm_vanduul_metal','reward_dm_item_030','ing_dm_vanduul_metal',2,'x'),
  ('ri_reward_dm_item_030_ing_dm_boomtube_rocket_launcher','reward_dm_item_030','ing_dm_boomtube_rocket_launcher',1,'x'),
  ('ri_reward_dm_item_031_ing_dm_carinite','reward_dm_item_031','ing_dm_carinite',20,'x'),
  ('ri_reward_dm_item_031_ing_dm_bluemoon_fungus','reward_dm_item_031','ing_dm_bluemoon_fungus',20,'x'),
  ('ri_reward_dm_item_031_ing_dm_tripledown_pistol','reward_dm_item_031','ing_dm_tripledown_pistol',1,'x'),
  ('ri_reward_dm_item_033_ing_dm_berry_blend_smoothie','reward_dm_item_033','ing_dm_berry_blend_smoothie',1,'x'),
  ('ri_reward_dm_item_033_ing_dm_ermer_family_farms_fat_free_ice_cream','reward_dm_item_033','ing_dm_ermer_family_farms_fat_free_ice_cream',1,'x'),
  ('ri_reward_dm_ship_001_ing_dm_wikelo_favor','reward_dm_ship_001','ing_dm_wikelo_favor',3,'x'),
  ('ri_reward_dm_ship_001_ing_dm_carinite_pure','reward_dm_ship_001','ing_dm_carinite_pure',1,'x'),
  ('ri_reward_dm_ship_002_ing_dm_wikelo_favor','reward_dm_ship_002','ing_dm_wikelo_favor',4,'x'),
  ('ri_reward_dm_ship_003_ing_dm_wikelo_favor','reward_dm_ship_003','ing_dm_wikelo_favor',3,'x'),
  ('ri_reward_dm_ship_003_ing_dm_government_cartography_agency_medal_pristine','reward_dm_ship_003','ing_dm_government_cartography_agency_medal_pristine',1,'x'),
  ('ri_reward_dm_ship_004_ing_dm_wikelo_favor','reward_dm_ship_004','ing_dm_wikelo_favor',4,'x'),
  ('ri_reward_dm_ship_005_ing_dm_wikelo_favor','reward_dm_ship_005','ing_dm_wikelo_favor',4,'x'),
  ('ri_reward_dm_ship_005_ing_dm_saldynium_ore','reward_dm_ship_005','ing_dm_saldynium_ore',20,'x'),
  ('ri_reward_dm_ship_005_ing_dm_jaclium_ore','reward_dm_ship_005','ing_dm_jaclium_ore',20,'x'),
  ('ri_reward_dm_ship_006_ing_dm_wikelo_favor','reward_dm_ship_006','ing_dm_wikelo_favor',25,'x'),
  ('ri_reward_dm_ship_006_ing_dm_irradiated_valakkar_pearl_grade_aa','reward_dm_ship_006','ing_dm_irradiated_valakkar_pearl_grade_aa',15,'x'),
  ('ri_reward_dm_ship_006_ing_dm_dchs_05_orbital_positioning_comp_board','reward_dm_ship_006','ing_dm_dchs_05_orbital_positioning_comp_board',15,'x'),
  ('ri_reward_dm_ship_006_ing_dm_uee_6th_platoon_medal_pristine','reward_dm_ship_006','ing_dm_uee_6th_platoon_medal_pristine',2,'x'),
  ('ri_reward_dm_ship_007_ing_dm_wikelo_favor','reward_dm_ship_007','ing_dm_wikelo_favor',15,'x'),
  ('ri_reward_dm_ship_007_ing_dm_dchs_05_orbital_positioning_comp_board','reward_dm_ship_007','ing_dm_dchs_05_orbital_positioning_comp_board',4,'x'),
  ('ri_reward_dm_ship_007_ing_dm_ace_interceptor_helmet','reward_dm_ship_007','ing_dm_ace_interceptor_helmet',3,'x'),
  ('ri_reward_dm_ship_007_ing_dm_government_cartography_agency_medal_pristine','reward_dm_ship_007','ing_dm_government_cartography_agency_medal_pristine',1,'x'),
  ('ri_reward_dm_ship_008_ing_dm_wikelo_favor','reward_dm_ship_008','ing_dm_wikelo_favor',15,'x'),
  ('ri_reward_dm_ship_008_ing_dm_dchs_05_orbital_positioning_comp_board','reward_dm_ship_008','ing_dm_dchs_05_orbital_positioning_comp_board',4,'x'),
  ('ri_reward_dm_ship_008_ing_dm_tevarin_war_service_marker_pristine','reward_dm_ship_008','ing_dm_tevarin_war_service_marker_pristine',1,'x'),
  ('ri_reward_dm_ship_009_ing_dm_wikelo_favor','reward_dm_ship_009','ing_dm_wikelo_favor',16,'x'),
  ('ri_reward_dm_ship_009_ing_dm_dchs_05_orbital_positioning_comp_board','reward_dm_ship_009','ing_dm_dchs_05_orbital_positioning_comp_board',3,'x'),
  ('ri_reward_dm_ship_009_ing_dm_ace_interceptor_helmet','reward_dm_ship_009','ing_dm_ace_interceptor_helmet',5,'x'),
  ('ri_reward_dm_ship_009_ing_dm_government_cartography_agency_medal_pristine','reward_dm_ship_009','ing_dm_government_cartography_agency_medal_pristine',1,'x'),
  ('ri_reward_dm_ship_010_ing_dm_wikelo_favor','reward_dm_ship_010','ing_dm_wikelo_favor',10,'x'),
  ('ri_reward_dm_ship_010_ing_dm_uee_6th_platoon_medal_pristine','reward_dm_ship_010','ing_dm_uee_6th_platoon_medal_pristine',1,'x'),
  ('ri_reward_dm_ship_011_ing_dm_wikelo_favor','reward_dm_ship_011','ing_dm_wikelo_favor',20,'x'),
  ('ri_reward_dm_ship_011_ing_dm_carinite','reward_dm_ship_011','ing_dm_carinite',15,'x'),
  ('ri_reward_dm_ship_011_ing_dm_ace_interceptor_helmet','reward_dm_ship_011','ing_dm_ace_interceptor_helmet',10,'x'),
  ('ri_reward_dm_ship_011_ing_dm_carinite_pure','reward_dm_ship_011','ing_dm_carinite_pure',2,'x'),
  ('ri_reward_dm_ship_012_ing_dm_wikelo_favor','reward_dm_ship_012','ing_dm_wikelo_favor',4,'x'),
  ('ri_reward_dm_ship_012_ing_dm_dchs_05_orbital_positioning_comp_board','reward_dm_ship_012','ing_dm_dchs_05_orbital_positioning_comp_board',1,'x'),
  ('ri_reward_dm_ship_013_ing_dm_wikelo_favor','reward_dm_ship_013','ing_dm_wikelo_favor',8,'x'),
  ('ri_reward_dm_ship_013_ing_dm_tevarin_war_service_marker_pristine','reward_dm_ship_013','ing_dm_tevarin_war_service_marker_pristine',1,'x'),
  ('ri_reward_dm_ship_014_ing_dm_wikelo_favor','reward_dm_ship_014','ing_dm_wikelo_favor',40,'x'),
  ('ri_reward_dm_ship_014_ing_dm_carinite_pure','reward_dm_ship_014','ing_dm_carinite_pure',4,'x'),
  ('ri_reward_dm_ship_014_ing_dm_irradiated_valakkar_pearl_grade_aaa','reward_dm_ship_014','ing_dm_irradiated_valakkar_pearl_grade_aaa',4,'x'),
  ('ri_reward_dm_ship_014_ing_dm_tevarin_war_service_marker_pristine','reward_dm_ship_014','ing_dm_tevarin_war_service_marker_pristine',4,'x'),
  ('ri_reward_dm_ship_015_ing_dm_wikelo_favor','reward_dm_ship_015','ing_dm_wikelo_favor',40,'x'),
  ('ri_reward_dm_ship_015_ing_dm_dchs_05_orbital_positioning_comp_board','reward_dm_ship_015','ing_dm_dchs_05_orbital_positioning_comp_board',15,'x'),
  ('ri_reward_dm_ship_015_ing_dm_carinite_pure','reward_dm_ship_015','ing_dm_carinite_pure',3,'x'),
  ('ri_reward_dm_ship_015_ing_dm_irradiated_valakkar_pearl_grade_aaa','reward_dm_ship_015','ing_dm_irradiated_valakkar_pearl_grade_aaa',3,'x'),
  ('ri_reward_dm_ship_016_ing_dm_wikelo_favor','reward_dm_ship_016','ing_dm_wikelo_favor',30,'x'),
  ('ri_reward_dm_ship_016_ing_dm_ace_interceptor_helmet','reward_dm_ship_016','ing_dm_ace_interceptor_helmet',10,'x'),
  ('ri_reward_dm_ship_016_ing_dm_carinite_pure','reward_dm_ship_016','ing_dm_carinite_pure',3,'x'),
  ('ri_reward_dm_ship_016_ing_dm_irradiated_valakkar_pearl_grade_aaa','reward_dm_ship_016','ing_dm_irradiated_valakkar_pearl_grade_aaa',3,'x'),
  ('ri_reward_dm_ship_017_ing_dm_wikelo_favor','reward_dm_ship_017','ing_dm_wikelo_favor',30,'x'),
  ('ri_reward_dm_ship_017_ing_dm_carinite_pure','reward_dm_ship_017','ing_dm_carinite_pure',3,'x'),
  ('ri_reward_dm_ship_017_ing_dm_irradiated_valakkar_pearl_grade_aaa','reward_dm_ship_017','ing_dm_irradiated_valakkar_pearl_grade_aaa',3,'x'),
  ('ri_reward_dm_ship_017_ing_dm_government_cartography_agency_medal_pristine','reward_dm_ship_017','ing_dm_government_cartography_agency_medal_pristine',3,'x'),
  ('ri_reward_dm_ship_018_ing_dm_wikelo_favor','reward_dm_ship_018','ing_dm_wikelo_favor',2,'x'),
  ('ri_reward_dm_ship_018_ing_dm_irradiated_valakkar_fang_apex','reward_dm_ship_018','ing_dm_irradiated_valakkar_fang_apex',5,'x'),
  ('ri_reward_dm_ship_018_ing_dm_argo_atls','reward_dm_ship_018','ing_dm_argo_atls',1,'x'),
  ('ri_reward_dm_ship_018_ing_dm_nn_13_cannon','reward_dm_ship_018','ing_dm_nn_13_cannon',2,'x'),
  ('ri_reward_dm_ship_019_ing_dm_wikelo_favor','reward_dm_ship_019','ing_dm_wikelo_favor',1,'x'),
  ('ri_reward_dm_ship_019_ing_dm_argo_atls_geo','reward_dm_ship_019','ing_dm_argo_atls_geo',1,'x'),
  ('ri_reward_dm_ship_019_ing_dm_nn_13_cannon','reward_dm_ship_019','ing_dm_nn_13_cannon',2,'x'),
  ('ri_reward_dm_ship_019_ing_dm_argo_atls_ikti','reward_dm_ship_019','ing_dm_argo_atls_ikti',1,'x'),
  ('ri_reward_dm_ship_020_ing_dm_wikelo_favor','reward_dm_ship_020','ing_dm_wikelo_favor',50,'x'),
  ('ri_reward_dm_ship_020_ing_dm_polaris_bit','reward_dm_ship_020','ing_dm_polaris_bit',15,'x'),
  ('ri_reward_dm_ship_020_ing_dm_dchs_05_orbital_positioning_comp_board','reward_dm_ship_020','ing_dm_dchs_05_orbital_positioning_comp_board',10,'x'),
  ('ri_reward_dm_ship_020_ing_dm_carinite','reward_dm_ship_020','ing_dm_carinite',20,'x'),
  ('ri_reward_dm_ship_020_ing_dm_irradiated_valakkar_fang_apex','reward_dm_ship_020','ing_dm_irradiated_valakkar_fang_apex',20,'x'),
  ('ri_reward_dm_ship_020_ing_dm_mg_scrip','reward_dm_ship_020','ing_dm_mg_scrip',20,'x'),
  ('ri_reward_dm_ship_020_ing_dm_ace_interceptor_helmet','reward_dm_ship_020','ing_dm_ace_interceptor_helmet',15,'x'),
  ('ri_reward_dm_ship_020_ing_dm_irradiated_valakkar_pearl_grade_aaa','reward_dm_ship_020','ing_dm_irradiated_valakkar_pearl_grade_aaa',15,'x'),
  ('ri_reward_dm_ship_020_ing_dm_uee_6th_platoon_medal_pristine','reward_dm_ship_020','ing_dm_uee_6th_platoon_medal_pristine',15,'x'),
  ('ri_reward_dm_ship_020_ing_dm_carinite_pure','reward_dm_ship_020','ing_dm_carinite_pure',15,'x'),
  ('ri_reward_dm_ship_020_ing_dm_asd_secure_drive','reward_dm_ship_020','ing_dm_asd_secure_drive',15,'x'),
  ('ri_reward_dm_ship_020_ing_dm_rcmbnt_pwl_1','reward_dm_ship_020','ing_dm_rcmbnt_pwl_1',1,'x'),
  ('ri_reward_dm_ship_020_ing_dm_rcmbnt_pwl_2','reward_dm_ship_020','ing_dm_rcmbnt_pwl_2',1,'x'),
  ('ri_reward_dm_ship_020_ing_dm_rcmbnt_pwl_3','reward_dm_ship_020','ing_dm_rcmbnt_pwl_3',1,'x'),
  ('ri_reward_dm_ship_020_ing_dm_rcmbnt_rgl_1','reward_dm_ship_020','ing_dm_rcmbnt_rgl_1',1,'x'),
  ('ri_reward_dm_ship_020_ing_dm_rcmbnt_rgl_2','reward_dm_ship_020','ing_dm_rcmbnt_rgl_2',1,'x'),
  ('ri_reward_dm_ship_020_ing_dm_rcmbnt_rgl_3','reward_dm_ship_020','ing_dm_rcmbnt_rgl_3',1,'x'),
  ('ri_reward_dm_ship_020_ing_dm_rcmbnt_xtl_1','reward_dm_ship_020','ing_dm_rcmbnt_xtl_1',1,'x'),
  ('ri_reward_dm_ship_020_ing_dm_rcmbnt_xtl_2','reward_dm_ship_020','ing_dm_rcmbnt_xtl_2',1,'x'),
  ('ri_reward_dm_ship_020_ing_dm_rcmbnt_xtl_3','reward_dm_ship_020','ing_dm_rcmbnt_xtl_3',1,'x'),
  ('ri_reward_dm_ship_021_ing_dm_wikelo_favor','reward_dm_ship_021','ing_dm_wikelo_favor',1,'x'),
  ('ri_reward_dm_ship_021_ing_dm_carinite_pure','reward_dm_ship_021','ing_dm_carinite_pure',1,'x'),
  ('ri_reward_dm_ship_021_ing_dm_argo_atls','reward_dm_ship_021','ing_dm_argo_atls',1,'x'),
  ('ri_reward_dm_ship_022_ing_dm_wikelo_favor','reward_dm_ship_022','ing_dm_wikelo_favor',1,'x'),
  ('ri_reward_dm_ship_022_ing_dm_irradiated_valakkar_pearl_grade_aaa','reward_dm_ship_022','ing_dm_irradiated_valakkar_pearl_grade_aaa',1,'x'),
  ('ri_reward_dm_ship_022_ing_dm_argo_atls','reward_dm_ship_022','ing_dm_argo_atls',1,'x'),
  ('ri_reward_dm_ship_023_ing_dm_wikelo_favor','reward_dm_ship_023','ing_dm_wikelo_favor',1,'x'),
  ('ri_reward_dm_ship_023_ing_dm_argo_atls','reward_dm_ship_023','ing_dm_argo_atls',1,'x'),
  ('ri_reward_dm_ship_024_ing_dm_wikelo_favor','reward_dm_ship_024','ing_dm_wikelo_favor',15,'x'),
  ('ri_reward_dm_ship_024_ing_dm_asd_secure_drive','reward_dm_ship_024','ing_dm_asd_secure_drive',10,'x'),
  ('ri_reward_dm_ship_024_ing_dm_tevarin_war_service_marker_pristine','reward_dm_ship_024','ing_dm_tevarin_war_service_marker_pristine',1,'x'),
  ('ri_reward_dm_ship_025_ing_dm_wikelo_favor','reward_dm_ship_025','ing_dm_wikelo_favor',2,'x'),
  ('ri_reward_dm_ship_025_ing_dm_asd_secure_drive','reward_dm_ship_025','ing_dm_asd_secure_drive',15,'x'),
  ('ri_reward_dm_ship_026_ing_dm_wikelo_favor','reward_dm_ship_026','ing_dm_wikelo_favor',50,'x'),
  ('ri_reward_dm_ship_026_ing_dm_ace_interceptor_helmet','reward_dm_ship_026','ing_dm_ace_interceptor_helmet',15,'x'),
  ('ri_reward_dm_ship_026_ing_dm_asd_secure_drive','reward_dm_ship_026','ing_dm_asd_secure_drive',30,'x'),
  ('ri_reward_dm_ship_026_ing_dm_irradiated_valakkar_pearl_grade_aaa','reward_dm_ship_026','ing_dm_irradiated_valakkar_pearl_grade_aaa',3,'x'),
  ('ri_reward_dm_ship_026_ing_dm_tevarin_war_service_marker_pristine','reward_dm_ship_026','ing_dm_tevarin_war_service_marker_pristine',3,'x'),
  ('ri_reward_dm_ship_026_ing_dm_dchs_05_orbital_positioning_comp_board','reward_dm_ship_026','ing_dm_dchs_05_orbital_positioning_comp_board',3,'x'),
  ('ri_reward_dm_ship_026_ing_dm_carinite_pure','reward_dm_ship_026','ing_dm_carinite_pure',3,'x'),
  ('ri_reward_dm_ship_027_ing_dm_wikelo_favor','reward_dm_ship_027','ing_dm_wikelo_favor',50,'x'),
  ('ri_reward_dm_ship_027_ing_dm_polaris_bit','reward_dm_ship_027','ing_dm_polaris_bit',20,'x'),
  ('ri_reward_dm_ship_027_ing_dm_mg_scrip','reward_dm_ship_027','ing_dm_mg_scrip',20,'x'),
  ('ri_reward_dm_ship_027_ing_dm_asd_secure_drive','reward_dm_ship_027','ing_dm_asd_secure_drive',6,'x'),
  ('ri_reward_dm_ship_027_ing_dm_irradiated_valakkar_pearl_grade_aaa','reward_dm_ship_027','ing_dm_irradiated_valakkar_pearl_grade_aaa',6,'x'),
  ('ri_reward_dm_ship_027_ing_dm_tevarin_war_service_marker_pristine','reward_dm_ship_027','ing_dm_tevarin_war_service_marker_pristine',6,'x'),
  ('ri_reward_dm_ship_027_ing_dm_dchs_05_orbital_positioning_comp_board','reward_dm_ship_027','ing_dm_dchs_05_orbital_positioning_comp_board',6,'x'),
  ('ri_reward_dm_ship_027_ing_dm_carinite_pure','reward_dm_ship_027','ing_dm_carinite_pure',6,'x'),
  ('ri_reward_dm_ship_028_ing_dm_wikelo_favor','reward_dm_ship_028','ing_dm_wikelo_favor',10,'x'),
  ('ri_reward_dm_ship_028_ing_dm_yormandi_eye','reward_dm_ship_028','ing_dm_yormandi_eye',10,'x'),
  ('ri_reward_dm_ship_028_ing_dm_ace_interceptor_helmet','reward_dm_ship_028','ing_dm_ace_interceptor_helmet',5,'x'),
  ('ri_reward_dm_ship_028_ing_dm_tevarin_war_service_marker_pristine','reward_dm_ship_028','ing_dm_tevarin_war_service_marker_pristine',1,'x'),
  ('ri_reward_dm_ship_029_ing_dm_wikelo_favor','reward_dm_ship_029','ing_dm_wikelo_favor',10,'x'),
  ('ri_reward_dm_ship_029_ing_dm_yormandi_tongue','reward_dm_ship_029','ing_dm_yormandi_tongue',5,'x'),
  ('ri_reward_dm_ship_029_ing_dm_ace_interceptor_helmet','reward_dm_ship_029','ing_dm_ace_interceptor_helmet',5,'x'),
  ('ri_reward_dm_ship_029_ing_dm_uee_6th_platoon_medal_pristine','reward_dm_ship_029','ing_dm_uee_6th_platoon_medal_pristine',1,'x'),
  ('ri_reward_dm_ship_030_ing_dm_wikelo_favor','reward_dm_ship_030','ing_dm_wikelo_favor',40,'x'),
  ('ri_reward_dm_ship_030_ing_dm_yormandi_tongue','reward_dm_ship_030','ing_dm_yormandi_tongue',10,'x'),
  ('ri_reward_dm_ship_030_ing_dm_yormandi_eye','reward_dm_ship_030','ing_dm_yormandi_eye',20,'x'),
  ('ri_reward_dm_ship_030_ing_dm_irradiated_valakkar_pearl_grade_aaa','reward_dm_ship_030','ing_dm_irradiated_valakkar_pearl_grade_aaa',3,'x'),
  ('ri_reward_dm_ship_030_ing_dm_carinite_pure','reward_dm_ship_030','ing_dm_carinite_pure',3,'x'),
  ('ri_reward_dm_ship_031_ing_dm_irradiated_valakkar_pearl_grade_aa','reward_dm_ship_031','ing_dm_irradiated_valakkar_pearl_grade_aa',15,'x'),
  ('ri_reward_dm_ship_031_ing_dm_ace_interceptor_helmet','reward_dm_ship_031','ing_dm_ace_interceptor_helmet',10,'x'),
  ('ri_reward_dm_ship_031_ing_dm_tevarin_war_service_marker_pristine','reward_dm_ship_031','ing_dm_tevarin_war_service_marker_pristine',1,'x'),
  ('ri_reward_dm_ship_031_ing_dm_wikelo_favor','reward_dm_ship_031','ing_dm_wikelo_favor',20,'x'),
  ('ri_reward_dm_ship_032_ing_dm_wikelo_favor','reward_dm_ship_032','ing_dm_wikelo_favor',25,'x'),
  ('ri_reward_dm_ship_032_ing_dm_vanduul_plating','reward_dm_ship_032','ing_dm_vanduul_plating',30,'x'),
  ('ri_reward_dm_ship_032_ing_dm_vanduul_metal','reward_dm_ship_032','ing_dm_vanduul_metal',30,'x'),
  ('ri_reward_dm_ship_032_ing_dm_ace_interceptor_helmet','reward_dm_ship_032','ing_dm_ace_interceptor_helmet',15,'x'),
  ('ri_reward_dm_ship_032_ing_dm_large_artifact_fragment_pristine','reward_dm_ship_032','ing_dm_large_artifact_fragment_pristine',2,'x'),
  ('ri_reward_dm_ship_033_ing_dm_wikelo_favor','reward_dm_ship_033','ing_dm_wikelo_favor',10,'x'),
  ('ri_reward_dm_ship_033_ing_dm_vanduul_plating','reward_dm_ship_033','ing_dm_vanduul_plating',10,'x'),
  ('ri_reward_dm_ship_033_ing_dm_vanduul_metal','reward_dm_ship_033','ing_dm_vanduul_metal',10,'x'),
  ('ri_reward_dm_ship_033_ing_dm_ace_interceptor_helmet','reward_dm_ship_033','ing_dm_ace_interceptor_helmet',5,'x'),
  ('ri_reward_dm_ship_033_ing_dm_large_artifact_fragment_pristine','reward_dm_ship_033','ing_dm_large_artifact_fragment_pristine',1,'x'),
  ('ri_reward_dm_ship_034_ing_dm_wikelo_favor','reward_dm_ship_034','ing_dm_wikelo_favor',6,'x'),
  ('ri_reward_dm_ship_034_ing_dm_carinite','reward_dm_ship_034','ing_dm_carinite',20,'x'),
  ('ri_reward_dm_ship_034_ing_dm_saldynium_ore','reward_dm_ship_034','ing_dm_saldynium_ore',30,'x'),
  ('ri_reward_dm_ship_034_ing_dm_jaclium_ore','reward_dm_ship_034','ing_dm_jaclium_ore',40,'x'),
  ('ri_reward_dm_ship_034_ing_dm_carinite_pure','reward_dm_ship_034','ing_dm_carinite_pure',1,'x'),
  ('ri_reward_dm_ship_035_ing_dm_wikelo_favor','reward_dm_ship_035','ing_dm_wikelo_favor',8,'x'),
  ('ri_reward_dm_ship_035_ing_dm_irradiated_valakkar_fang_adult','reward_dm_ship_035','ing_dm_irradiated_valakkar_fang_adult',10,'x'),
  ('ri_reward_dm_ship_035_ing_dm_irradiated_valakkar_fang_juvenile','reward_dm_ship_035','ing_dm_irradiated_valakkar_fang_juvenile',20,'x'),
  ('ri_reward_dm_ship_035_ing_dm_irradiated_kopion_horn','reward_dm_ship_035','ing_dm_irradiated_kopion_horn',5,'x'),
  ('ri_reward_dm_ship_035_ing_dm_irradiated_valakkar_pearl_grade_aaa','reward_dm_ship_035','ing_dm_irradiated_valakkar_pearl_grade_aaa',1,'x'),
  ('ri_reward_dm_ship_036_ing_dm_wikelo_favor','reward_dm_ship_036','ing_dm_wikelo_favor',50,'x'),
  ('ri_reward_dm_ship_036_ing_dm_rcmbnt_pwl_1','reward_dm_ship_036','ing_dm_rcmbnt_pwl_1',5,'x'),
  ('ri_reward_dm_ship_036_ing_dm_rcmbnt_pwl_2','reward_dm_ship_036','ing_dm_rcmbnt_pwl_2',5,'x'),
  ('ri_reward_dm_ship_036_ing_dm_rcmbnt_pwl_3','reward_dm_ship_036','ing_dm_rcmbnt_pwl_3',5,'x'),
  ('ri_reward_dm_ship_036_ing_dm_rcmbnt_rgl_1','reward_dm_ship_036','ing_dm_rcmbnt_rgl_1',5,'x'),
  ('ri_reward_dm_ship_036_ing_dm_rcmbnt_rgl_2','reward_dm_ship_036','ing_dm_rcmbnt_rgl_2',5,'x'),
  ('ri_reward_dm_ship_036_ing_dm_rcmbnt_rgl_3','reward_dm_ship_036','ing_dm_rcmbnt_rgl_3',5,'x'),
  ('ri_reward_dm_ship_036_ing_dm_rcmbnt_xtl_1','reward_dm_ship_036','ing_dm_rcmbnt_xtl_1',5,'x'),
  ('ri_reward_dm_ship_036_ing_dm_rcmbnt_xtl_2','reward_dm_ship_036','ing_dm_rcmbnt_xtl_2',5,'x'),
  ('ri_reward_dm_ship_036_ing_dm_rcmbnt_xtl_3','reward_dm_ship_036','ing_dm_rcmbnt_xtl_3',5,'x'),
  ('ri_reward_dm_ship_036_ing_dm_asd_secure_drive','reward_dm_ship_036','ing_dm_asd_secure_drive',3,'x'),
  ('ri_reward_dm_ship_037_ing_dm_wikelo_favor','reward_dm_ship_037','ing_dm_wikelo_favor',10,'x'),
  ('ri_reward_dm_ship_037_ing_dm_vanduul_plating','reward_dm_ship_037','ing_dm_vanduul_plating',10,'x'),
  ('ri_reward_dm_ship_037_ing_dm_vanduul_metal','reward_dm_ship_037','ing_dm_vanduul_metal',10,'x'),
  ('ri_reward_dm_ship_037_ing_dm_large_artifact_fragment_pristine','reward_dm_ship_037','ing_dm_large_artifact_fragment_pristine',1,'x'),
  ('ri_reward_dm_ship_038_ing_dm_wikelo_favor','reward_dm_ship_038','ing_dm_wikelo_favor',5,'x'),
  ('ri_reward_dm_ship_039_ing_dm_wikelo_favor','reward_dm_ship_039','ing_dm_wikelo_favor',50,'x'),
  ('ri_reward_dm_ship_039_ing_dm_polaris_bit','reward_dm_ship_039','ing_dm_polaris_bit',50,'x'),
  ('ri_reward_dm_ship_039_ing_dm_dchs_05_orbital_positioning_comp_board','reward_dm_ship_039','ing_dm_dchs_05_orbital_positioning_comp_board',50,'x'),
  ('ri_reward_dm_ship_039_ing_dm_carinite','reward_dm_ship_039','ing_dm_carinite',50,'x'),
  ('ri_reward_dm_ship_039_ing_dm_irradiated_valakkar_fang_apex','reward_dm_ship_039','ing_dm_irradiated_valakkar_fang_apex',50,'x'),
  ('ri_reward_dm_ship_039_ing_dm_mg_scrip','reward_dm_ship_039','ing_dm_mg_scrip',50,'x'),
  ('ri_reward_dm_ship_039_ing_dm_ace_interceptor_helmet','reward_dm_ship_039','ing_dm_ace_interceptor_helmet',50,'x'),
  ('ri_reward_dm_ship_039_ing_dm_irradiated_valakkar_pearl_grade_aaa','reward_dm_ship_039','ing_dm_irradiated_valakkar_pearl_grade_aaa',30,'x'),
  ('ri_reward_dm_ship_039_ing_dm_uee_6th_platoon_medal_pristine','reward_dm_ship_039','ing_dm_uee_6th_platoon_medal_pristine',30,'x'),
  ('ri_reward_dm_ship_039_ing_dm_carinite_pure','reward_dm_ship_039','ing_dm_carinite_pure',30,'x'),
  ('ri_reward_dm_ship_039_ing_dm_asd_secure_drive','reward_dm_ship_039','ing_dm_asd_secure_drive',30,'x'),
  ('ri_reward_dm_ship_039_ing_dm_rcmbnt_pwl_1','reward_dm_ship_039','ing_dm_rcmbnt_pwl_1',5,'x'),
  ('ri_reward_dm_ship_039_ing_dm_rcmbnt_pwl_2','reward_dm_ship_039','ing_dm_rcmbnt_pwl_2',5,'x'),
  ('ri_reward_dm_ship_039_ing_dm_rcmbnt_pwl_3','reward_dm_ship_039','ing_dm_rcmbnt_pwl_3',5,'x'),
  ('ri_reward_dm_ship_039_ing_dm_rcmbnt_rgl_1','reward_dm_ship_039','ing_dm_rcmbnt_rgl_1',5,'x'),
  ('ri_reward_dm_ship_039_ing_dm_rcmbnt_rgl_2','reward_dm_ship_039','ing_dm_rcmbnt_rgl_2',5,'x'),
  ('ri_reward_dm_ship_039_ing_dm_rcmbnt_rgl_3','reward_dm_ship_039','ing_dm_rcmbnt_rgl_3',5,'x'),
  ('ri_reward_dm_ship_039_ing_dm_rcmbnt_xtl_1','reward_dm_ship_039','ing_dm_rcmbnt_xtl_1',5,'x'),
  ('ri_reward_dm_ship_039_ing_dm_rcmbnt_xtl_2','reward_dm_ship_039','ing_dm_rcmbnt_xtl_2',5,'x'),
  ('ri_reward_dm_ship_039_ing_dm_rcmbnt_xtl_3','reward_dm_ship_039','ing_dm_rcmbnt_xtl_3',5,'x'),
  ('ri_reward_dm_item_032_ing_dm_vestal_water','reward_dm_item_032','ing_dm_vestal_water',1,'x'),
  ('ri_reward_dm_item_032_ing_dm_tundra_kopion_horn','reward_dm_item_032','ing_dm_tundra_kopion_horn',3,'x'),
  ('ri_reward_dm_exchange_trade_worm_parts_for_favors_ing_dm_irradiated_valakkar_pearl_grade_aa','reward_dm_exchange_trade_worm_parts_for_favors','ing_dm_irradiated_valakkar_pearl_grade_aa',12,'x'),
  ('ri_reward_dm_exchange_trade_merc_scrip_for_favors_ing_dm_mg_scrip','reward_dm_exchange_trade_merc_scrip_for_favors','ing_dm_mg_scrip',50,'x'),
  ('ri_reward_dm_exchange_trade_council_scrip_for_favors_ing_dm_council_scrip','reward_dm_exchange_trade_council_scrip_for_favors','ing_dm_council_scrip',50,'x'),
  ('ri_reward_dm_exchange_turn_things_to_favor_ing_dm_carinite','reward_dm_exchange_turn_things_to_favor','ing_dm_carinite',50,'x'),
  ('ri_reward_dm_exchange_want_polaris_need_something_special_ing_dm_quantanium','reward_dm_exchange_want_polaris_need_something_special','ing_dm_quantanium',24,'x')
ON DUPLICATE KEY UPDATE reward_id=VALUES(reward_id),ingredient_id=VALUES(ingredient_id),quantity=VALUES(quantity),unit=VALUES(unit);

INSERT INTO reputation_requirements (id,reward_id,reputation_name_en,reputation_name_fr,required_level) VALUES
  ('rep_reward_dm_ship_038','reward_dm_ship_038','Wikelo Reputation','Réputation Wikelo',340),
  ('rep_reward_dm_ship_039','reward_dm_ship_039','Wikelo Reputation','Réputation Wikelo',999)
ON DUPLICATE KEY UPDATE reward_id=VALUES(reward_id),reputation_name_en=VALUES(reputation_name_en),reputation_name_fr=VALUES(reputation_name_fr),required_level=VALUES(required_level);
